,x,y,time_stamp
0,-1530,-1530,2021-01-01 10:45:40
1,-200,400,2021-01-01 11:09:08
2,100,700,2021-01-01 11:10:46
3,1344,1344,2021-01-01 11:28:08
4,1100,1100,2021-01-01 11:20:00
5,1283,1283,2021-01-01 11:26:06
6,-100,-100,2021-01-01 11:09:42
7,-1852,-1852,2021-01-01 10:34:56
8,-1338,-1338,2021-01-01 10:52:04
9,1418,1418,2021-01-01 11:30:36
10,1847,1847,2021-01-01 11:44:54
11,-1630,-1630,2021-01-01 10:42:20
12,-1850,-1850,2021-01-01 10:35:00
13,-1348,-1348,2021-01-01 10:51:44
14,800,-200,2021-01-01 11:15:36
15,1691,1691,2021-01-01 11:39:42
16,-1138,-1138,2021-01-01 10:58:44
17,-1033,-1033,2021-01-01 11:02:14
18,500,-700,2021-01-01 11:13:54
19,-500,-100,2021-01-01 11:07:02
20,1981,1981,2021-01-01 11:49:22
21,1267,1267,2021-01-01 11:25:34
22,1430,1430,2021-01-01 11:31:00
23,1870,1870,2021-01-01 11:45:40
24,1316,1316,2021-01-01 11:27:12
25,1063,1063,2021-01-01 11:18:46
26,1611,1611,2021-01-01 11:37:02
27,1248,1248,2021-01-01 11:24:56
28,1345,1345,2021-01-01 11:28:10
29,-1100,-1100,2021-01-01 11:00:00
30,1255,1255,2021-01-01 11:25:10
31,-1404,-1404,2021-01-01 10:49:52
32,-1915,-1915,2021-01-01 10:32:50
33,-1213,-1213,2021-01-01 10:56:14
34,300,1000,2021-01-01 11:12:00
35,1682,1682,2021-01-01 11:39:24
36,1166,1166,2021-01-01 11:22:12
37,-1249,-1249,2021-01-01 10:55:02
38,100,-600,2021-01-01 11:11:12
39,-1632,-1632,2021-01-01 10:42:16
40,1968,1968,2021-01-01 11:48:56
41,1224,1224,2021-01-01 11:24:08
42,1499,1499,2021-01-01 11:33:18
43,-1867,-1867,2021-01-01 10:34:26
44,-1134,-1134,2021-01-01 10:58:52
45,1235,1235,2021-01-01 11:24:30
46,-100,800,2021-01-01 11:09:24
47,1664,1664,2021-01-01 11:38:48
48,1864,1864,2021-01-01 11:45:28
49,-1167,-1167,2021-01-01 10:57:46
50,-1147,-1147,2021-01-01 10:58:26
51,1099,1099,2021-01-01 11:19:58
52,1033,1033,2021-01-01 11:17:46
53,1480,1480,2021-01-01 11:32:40
54,-1995,-1995,2021-01-01 10:30:10
55,0,-600,2021-01-01 11:10:08
56,-1999,-1999,2021-01-01 10:30:02
57,1512,1512,2021-01-01 11:33:44
58,1404,1404,2021-01-01 11:30:08
59,1419,1419,2021-01-01 11:30:38
60,1005,1005,2021-01-01 11:16:50
61,-1699,-1699,2021-01-01 10:40:02
62,1701,1701,2021-01-01 11:40:02
63,1002,1002,2021-01-01 11:16:44
64,-1642,-1642,2021-01-01 10:41:56
65,1944,1944,2021-01-01 11:48:08
66,400,700,2021-01-01 11:13:14
67,-1381,-1381,2021-01-01 10:50:38
68,1233,1233,2021-01-01 11:24:26
69,300,200,2021-01-01 11:12:16
70,-1693,-1693,2021-01-01 10:40:14
71,1350,1350,2021-01-01 11:28:20
72,-800,700,2021-01-01 11:05:14
73,700,300,2021-01-01 11:14:54
74,-1984,-1984,2021-01-01 10:30:32
75,1347,1347,2021-01-01 11:28:14
76,-1269,-1269,2021-01-01 10:54:22
77,-1415,-1415,2021-01-01 10:49:30
78,1444,1444,2021-01-01 11:31:28
79,1545,1545,2021-01-01 11:34:50
80,-1390,-1390,2021-01-01 10:50:20
81,1528,1528,2021-01-01 11:34:16
82,1175,1175,2021-01-01 11:22:30
83,-1615,-1615,2021-01-01 10:42:50
84,1050,1050,2021-01-01 11:18:20
85,1597,1597,2021-01-01 11:36:34
86,-1136,-1136,2021-01-01 10:58:48
87,-1622,-1622,2021-01-01 10:42:36
88,1003,1003,2021-01-01 11:16:46
89,300,-700,2021-01-01 11:12:34
90,-1738,-1738,2021-01-01 10:38:44
91,1030,1030,2021-01-01 11:17:40
92,300,300,2021-01-01 11:12:14
93,1337,1337,2021-01-01 11:27:54
94,-1180,-1180,2021-01-01 10:57:20
95,1089,1089,2021-01-01 11:19:38
96,-1586,-1586,2021-01-01 10:43:48
97,-1325,-1325,2021-01-01 10:52:30
98,-1769,-1769,2021-01-01 10:37:42
99,1537,1537,2021-01-01 11:34:34
100,1902,1902,2021-01-01 11:46:44
101,-1181,-1181,2021-01-01 10:57:18
102,-1796,-1796,2021-01-01 10:36:48
103,900,200,2021-01-01 11:16:16
104,-1383,-1383,2021-01-01 10:50:34
105,1366,1366,2021-01-01 11:28:52
106,1156,1156,2021-01-01 11:21:52
107,1998,1998,2021-01-01 11:49:56
108,1612,1612,2021-01-01 11:37:04
109,1193,1193,2021-01-01 11:23:06
110,1202,1202,2021-01-01 11:23:24
111,1284,1284,2021-01-01 11:26:08
112,-1849,-1849,2021-01-01 10:35:02
113,600,-500,2021-01-01 11:14:10
114,1377,1377,2021-01-01 11:29:14
115,1624,1624,2021-01-01 11:37:28
116,-1318,-1318,2021-01-01 10:52:44
117,200,-900,2021-01-01 11:11:22
118,100,200,2021-01-01 11:10:56
119,1724,1724,2021-01-01 11:40:48
120,-1017,-1017,2021-01-01 11:02:46
121,-1977,-1977,2021-01-01 10:30:46
122,1886,1886,2021-01-01 11:46:12
123,-1489,-1489,2021-01-01 10:47:02
124,800,900,2021-01-01 11:15:58
125,-600,-1000,2021-01-01 11:06:00
126,1231,1231,2021-01-01 11:24:22
127,1280,1280,2021-01-01 11:26:00
128,-100,-200,2021-01-01 11:09:44
129,1921,1921,2021-01-01 11:47:22
130,1338,1338,2021-01-01 11:27:56
131,-300,-400,2021-01-01 11:08:28
132,1479,1479,2021-01-01 11:32:38
133,1194,1194,2021-01-01 11:23:08
134,-1151,-1151,2021-01-01 10:58:18
135,-900,-800,2021-01-01 11:04:36
136,1911,1911,2021-01-01 11:47:02
137,1629,1629,2021-01-01 11:37:38
138,-1076,-1076,2021-01-01 11:00:48
139,-1267,-1267,2021-01-01 10:54:26
140,1980,1980,2021-01-01 11:49:20
141,-1550,-1550,2021-01-01 10:45:00
142,1725,1725,2021-01-01 11:40:50
143,-1035,-1035,2021-01-01 11:02:10
144,1270,1270,2021-01-01 11:25:40
145,-1044,-1044,2021-01-01 11:01:52
146,1163,1163,2021-01-01 11:22:06
147,-1834,-1834,2021-01-01 10:35:32
148,1877,1877,2021-01-01 11:45:54
149,1514,1514,2021-01-01 11:33:48
150,-900,200,2021-01-01 11:04:16
151,1562,1562,2021-01-01 11:35:24
152,1111,1111,2021-01-01 11:20:22
153,-1058,-1058,2021-01-01 11:01:24
154,1742,1742,2021-01-01 11:41:24
155,-1101,-1101,2021-01-01 10:59:58
156,-1734,-1734,2021-01-01 10:38:52
157,1581,1581,2021-01-01 11:36:02
158,1446,1446,2021-01-01 11:31:32
159,1771,1771,2021-01-01 11:42:22
160,-100,400,2021-01-01 11:09:32
161,-1097,-1097,2021-01-01 11:00:06
162,-1901,-1901,2021-01-01 10:33:18
163,1570,1570,2021-01-01 11:35:40
164,1897,1897,2021-01-01 11:46:34
165,200,-300,2021-01-01 11:11:34
166,1848,1848,2021-01-01 11:44:56
167,-1853,-1853,2021-01-01 10:34:54
168,-1450,-1450,2021-01-01 10:48:20
169,700,100,2021-01-01 11:14:58
170,1147,1147,2021-01-01 11:21:34
171,-1658,-1658,2021-01-01 10:41:24
172,1317,1317,2021-01-01 11:27:14
173,700,800,2021-01-01 11:14:44
174,-1010,-1010,2021-01-01 11:03:00
175,1549,1549,2021-01-01 11:34:58
176,-1970,-1970,2021-01-01 10:31:00
177,1023,1023,2021-01-01 11:17:26
178,-1188,-1188,2021-01-01 10:57:04
179,1671,1671,2021-01-01 11:39:02
180,400,-900,2021-01-01 11:12:42
181,1191,1191,2021-01-01 11:23:02
182,-1951,-1951,2021-01-01 10:31:38
183,-1924,-1924,2021-01-01 10:32:32
184,-1071,-1071,2021-01-01 11:00:58
185,-400,-800,2021-01-01 11:07:24
186,-1961,-1961,2021-01-01 10:31:18
187,-1784,-1784,2021-01-01 10:37:12
188,-600,-900,2021-01-01 11:06:02
189,1943,1943,2021-01-01 11:48:06
190,1975,1975,2021-01-01 11:49:10
191,-1486,-1486,2021-01-01 10:47:08
192,1272,1272,2021-01-01 11:25:44
193,900,700,2021-01-01 11:16:06
194,1927,1927,2021-01-01 11:47:34
195,1397,1397,2021-01-01 11:29:54
196,-1328,-1328,2021-01-01 10:52:24
197,1815,1815,2021-01-01 11:43:50
198,-1104,-1104,2021-01-01 10:59:52
199,-1484,-1484,2021-01-01 10:47:12
200,1593,1593,2021-01-01 11:36:26
201,-1354,-1354,2021-01-01 10:51:32
202,-700,1000,2021-01-01 11:05:20
203,-1888,-1888,2021-01-01 10:33:44
204,-1264,-1264,2021-01-01 10:54:32
205,500,200,2021-01-01 11:13:36
206,1076,1076,2021-01-01 11:19:12
207,-1875,-1875,2021-01-01 10:34:10
208,1434,1434,2021-01-01 11:31:08
209,1321,1321,2021-01-01 11:27:22
210,1297,1297,2021-01-01 11:26:34
211,1364,1364,2021-01-01 11:28:48
212,-1844,-1844,2021-01-01 10:35:12
213,-1856,-1856,2021-01-01 10:34:48
214,-1625,-1625,2021-01-01 10:42:30
215,1252,1252,2021-01-01 11:25:04
216,1932,1932,2021-01-01 11:47:44
217,-1786,-1786,2021-01-01 10:37:08
218,-1302,-1302,2021-01-01 10:53:16
219,-1250,-1250,2021-01-01 10:55:00
220,1078,1078,2021-01-01 11:19:16
221,-1629,-1629,2021-01-01 10:42:22
222,-1494,-1494,2021-01-01 10:46:52
223,-1327,-1327,2021-01-01 10:52:26
224,800,400,2021-01-01 11:15:48
225,-1063,-1063,2021-01-01 11:01:14
226,1977,1977,2021-01-01 11:49:14
227,-1418,-1418,2021-01-01 10:49:24
228,-1194,-1194,2021-01-01 10:56:52
229,-1847,-1847,2021-01-01 10:35:06
230,1518,1518,2021-01-01 11:33:56
231,-1205,-1205,2021-01-01 10:56:30
232,-1987,-1987,2021-01-01 10:30:26
233,1614,1614,2021-01-01 11:37:08
234,1948,1948,2021-01-01 11:48:16
235,-1704,-1704,2021-01-01 10:39:52
236,1043,1043,2021-01-01 11:18:06
237,-1025,-1025,2021-01-01 11:02:30
238,1533,1533,2021-01-01 11:34:26
239,-1736,-1736,2021-01-01 10:38:48
240,-1859,-1859,2021-01-01 10:34:42
241,1354,1354,2021-01-01 11:28:28
242,-1645,-1645,2021-01-01 10:41:50
243,1799,1799,2021-01-01 11:43:18
244,-1709,-1709,2021-01-01 10:39:42
245,1794,1794,2021-01-01 11:43:08
246,-1811,-1811,2021-01-01 10:36:18
247,-1887,-1887,2021-01-01 10:33:46
248,1767,1767,2021-01-01 11:42:14
249,200,-200,2021-01-01 11:11:36
250,-1826,-1826,2021-01-01 10:35:48
251,-1000,-600,2021-01-01 11:03:28
252,-1865,-1865,2021-01-01 10:34:30
253,-1387,-1387,2021-01-01 10:50:26
254,-1933,-1933,2021-01-01 10:32:14
255,-1527,-1527,2021-01-01 10:45:46
256,1648,1648,2021-01-01 11:38:16
257,1763,1763,2021-01-01 11:42:06
258,-1580,-1580,2021-01-01 10:44:00
259,-1776,-1776,2021-01-01 10:37:28
260,1534,1534,2021-01-01 11:34:28
261,1459,1459,2021-01-01 11:31:58
262,1750,1750,2021-01-01 11:41:40
263,-1247,-1247,2021-01-01 10:55:06
264,1972,1972,2021-01-01 11:49:04
265,-1679,-1679,2021-01-01 10:40:42
266,1145,1145,2021-01-01 11:21:30
267,-1928,-1928,2021-01-01 10:32:24
268,1792,1792,2021-01-01 11:43:04
269,1363,1363,2021-01-01 11:28:46
270,-1954,-1954,2021-01-01 10:31:32
271,-1512,-1512,2021-01-01 10:46:16
272,1645,1645,2021-01-01 11:38:10
273,-1398,-1398,2021-01-01 10:50:04
274,-1552,-1552,2021-01-01 10:44:56
275,1325,1325,2021-01-01 11:27:30
276,-1268,-1268,2021-01-01 10:54:24
277,-1509,-1509,2021-01-01 10:46:22
278,1510,1510,2021-01-01 11:33:40
279,1803,1803,2021-01-01 11:43:26
280,-1407,-1407,2021-01-01 10:49:46
281,-200,-200,2021-01-01 11:08:56
282,-400,100,2021-01-01 11:07:42
283,-1525,-1525,2021-01-01 10:45:50
284,-300,1000,2021-01-01 11:08:00
285,-1614,-1614,2021-01-01 10:42:52
286,1584,1584,2021-01-01 11:36:08
287,1276,1276,2021-01-01 11:25:52
288,1427,1427,2021-01-01 11:30:54
289,1394,1394,2021-01-01 11:29:48
290,1154,1154,2021-01-01 11:21:48
291,1786,1786,2021-01-01 11:42:52
292,1686,1686,2021-01-01 11:39:32
293,400,300,2021-01-01 11:13:06
294,-300,-500,2021-01-01 11:08:30
295,1152,1152,2021-01-01 11:21:44
296,1365,1365,2021-01-01 11:28:50
297,-1070,-1070,2021-01-01 11:01:00
298,1373,1373,2021-01-01 11:29:06
299,-1740,-1740,2021-01-01 10:38:40
300,-1812,-1812,2021-01-01 10:36:16
301,1569,1569,2021-01-01 11:35:38
302,1660,1660,2021-01-01 11:38:40
303,-400,600,2021-01-01 11:07:52
304,-1892,-1892,2021-01-01 10:33:36
305,1067,1067,2021-01-01 11:18:54
306,1062,1062,2021-01-01 11:18:44
307,-1172,-1172,2021-01-01 10:57:36
308,-900,600,2021-01-01 11:04:08
309,1655,1655,2021-01-01 11:38:30
310,-1285,-1285,2021-01-01 10:53:50
311,-1878,-1878,2021-01-01 10:34:04
312,1079,1079,2021-01-01 11:19:18
313,-1793,-1793,2021-01-01 10:36:54
314,400,800,2021-01-01 11:13:16
315,-1343,-1343,2021-01-01 10:51:54
316,700,0,2021-01-01 11:15:00
317,200,-500,2021-01-01 11:11:30
318,1415,1415,2021-01-01 11:30:30
319,1790,1790,2021-01-01 11:43:00
320,-1757,-1757,2021-01-01 10:38:06
321,1102,1102,2021-01-01 11:20:04
322,-1841,-1841,2021-01-01 10:35:18
323,1172,1172,2021-01-01 11:22:24
324,-1565,-1565,2021-01-01 10:44:30
325,-1000,800,2021-01-01 11:03:56
326,-1785,-1785,2021-01-01 10:37:10
327,1450,1450,2021-01-01 11:31:40
328,1739,1739,2021-01-01 11:41:18
329,-1809,-1809,2021-01-01 10:36:22
330,1498,1498,2021-01-01 11:33:16
331,1644,1644,2021-01-01 11:38:08
332,1736,1736,2021-01-01 11:41:12
333,-800,-1000,2021-01-01 11:04:40
334,1693,1693,2021-01-01 11:39:46
335,-1154,-1154,2021-01-01 10:58:12
336,-1170,-1170,2021-01-01 10:57:40
337,-1375,-1375,2021-01-01 10:50:50
338,-1401,-1401,2021-01-01 10:49:58
339,1856,1856,2021-01-01 11:45:12
340,-1589,-1589,2021-01-01 10:43:42
341,1618,1618,2021-01-01 11:37:16
342,1253,1253,2021-01-01 11:25:06
343,-1045,-1045,2021-01-01 11:01:50
344,1396,1396,2021-01-01 11:29:52
345,1571,1571,2021-01-01 11:35:42
346,1200,1200,2021-01-01 11:23:20
347,-1932,-1932,2021-01-01 10:32:16
348,600,200,2021-01-01 11:14:24
349,-1706,-1706,2021-01-01 10:39:48
350,-1437,-1437,2021-01-01 10:48:46
351,1785,1785,2021-01-01 11:42:50
352,1950,1950,2021-01-01 11:48:20
353,-700,900,2021-01-01 11:05:22
354,1203,1203,2021-01-01 11:23:26
355,-1384,-1384,2021-01-01 10:50:32
356,-1828,-1828,2021-01-01 10:35:44
357,-1233,-1233,2021-01-01 10:55:34
358,-1368,-1368,2021-01-01 10:51:04
359,1824,1824,2021-01-01 11:44:08
360,-1085,-1085,2021-01-01 11:00:30
361,-1861,-1861,2021-01-01 10:34:38
362,-1202,-1202,2021-01-01 10:56:36
363,-1667,-1667,2021-01-01 10:41:06
364,-1402,-1402,2021-01-01 10:49:56
365,-1513,-1513,2021-01-01 10:46:14
366,-1451,-1451,2021-01-01 10:48:18
367,1225,1225,2021-01-01 11:24:10
368,-1007,-1007,2021-01-01 11:03:06
369,-200,900,2021-01-01 11:09:18
370,-1379,-1379,2021-01-01 10:50:42
371,1789,1789,2021-01-01 11:42:58
372,1561,1561,2021-01-01 11:35:22
373,800,-500,2021-01-01 11:15:30
374,-1681,-1681,2021-01-01 10:40:38
375,-1618,-1618,2021-01-01 10:42:44
376,-1907,-1907,2021-01-01 10:33:06
377,-1702,-1702,2021-01-01 10:39:56
378,1106,1106,2021-01-01 11:20:12
379,1875,1875,2021-01-01 11:45:50
380,1034,1034,2021-01-01 11:17:48
381,1048,1048,2021-01-01 11:18:16
382,-1364,-1364,2021-01-01 10:51:12
383,1831,1831,2021-01-01 11:44:22
384,1601,1601,2021-01-01 11:36:42
385,1555,1555,2021-01-01 11:35:10
386,1670,1670,2021-01-01 11:39:00
387,-1946,-1946,2021-01-01 10:31:48
388,-1547,-1547,2021-01-01 10:45:06
389,-1866,-1866,2021-01-01 10:34:28
390,1804,1804,2021-01-01 11:43:28
391,-1788,-1788,2021-01-01 10:37:04
392,300,600,2021-01-01 11:12:08
393,-1559,-1559,2021-01-01 10:44:42
394,1044,1044,2021-01-01 11:18:08
395,1958,1958,2021-01-01 11:48:36
396,-1394,-1394,2021-01-01 10:50:12
397,-1583,-1583,2021-01-01 10:43:54
398,-1714,-1714,2021-01-01 10:39:32
399,-1500,-1500,2021-01-01 10:46:40
400,-1533,-1533,2021-01-01 10:45:34
401,1964,1964,2021-01-01 11:48:48
402,1827,1827,2021-01-01 11:44:14
403,800,-400,2021-01-01 11:15:32
404,-1549,-1549,2021-01-01 10:45:02
405,1222,1222,2021-01-01 11:24:04
406,-1440,-1440,2021-01-01 10:48:40
407,1301,1301,2021-01-01 11:26:42
408,1433,1433,2021-01-01 11:31:06
409,1507,1507,2021-01-01 11:33:34
410,1852,1852,2021-01-01 11:45:04
411,-1441,-1441,2021-01-01 10:48:38
412,1388,1388,2021-01-01 11:29:36
413,-1592,-1592,2021-01-01 10:43:36
414,-1000,-100,2021-01-01 11:03:38
415,-1118,-1118,2021-01-01 10:59:24
416,1495,1495,2021-01-01 11:33:10
417,1925,1925,2021-01-01 11:47:30
418,-1263,-1263,2021-01-01 10:54:34
419,700,500,2021-01-01 11:14:50
420,-700,-800,2021-01-01 11:05:56
421,1974,1974,2021-01-01 11:49:08
422,-600,400,2021-01-01 11:06:28
423,1256,1256,2021-01-01 11:25:12
424,-1488,-1488,2021-01-01 10:47:04
425,1741,1741,2021-01-01 11:41:22
426,1179,1179,2021-01-01 11:22:38
427,1017,1017,2021-01-01 11:17:14
428,1160,1160,2021-01-01 11:22:00
429,-1698,-1698,2021-01-01 10:40:04
430,-1127,-1127,2021-01-01 10:59:06
431,1961,1961,2021-01-01 11:48:42
432,-1051,-1051,2021-01-01 11:01:38
433,1081,1081,2021-01-01 11:19:22
434,-1215,-1215,2021-01-01 10:56:10
435,-1724,-1724,2021-01-01 10:39:12
436,-1833,-1833,2021-01-01 10:35:34
437,700,-200,2021-01-01 11:15:04
438,1621,1621,2021-01-01 11:37:22
439,1677,1677,2021-01-01 11:39:14
440,-1949,-1949,2021-01-01 10:31:42
441,1462,1462,2021-01-01 11:32:04
442,1326,1326,2021-01-01 11:27:32
443,900,-700,2021-01-01 11:16:34
444,-900,-600,2021-01-01 11:04:32
445,-1701,-1701,2021-01-01 10:39:58
446,-1050,-1050,2021-01-01 11:01:40
447,1234,1234,2021-01-01 11:24:28
448,-1306,-1306,2021-01-01 10:53:08
449,-1226,-1226,2021-01-01 10:55:48
450,1675,1675,2021-01-01 11:39:10
451,100,-500,2021-01-01 11:11:10
452,1116,1116,2021-01-01 11:20:32
453,-1505,-1505,2021-01-01 10:46:30
454,-1754,-1754,2021-01-01 10:38:12
455,-1386,-1386,2021-01-01 10:50:28
456,-1650,-1650,2021-01-01 10:41:40
457,-1189,-1189,2021-01-01 10:57:02
458,-1880,-1880,2021-01-01 10:34:00
459,400,100,2021-01-01 11:13:02
460,-700,-100,2021-01-01 11:05:42
461,-1577,-1577,2021-01-01 10:44:06
462,1825,1825,2021-01-01 11:44:10
463,1282,1282,2021-01-01 11:26:04
464,-1716,-1716,2021-01-01 10:39:28
465,-1369,-1369,2021-01-01 10:51:02
466,1892,1892,2021-01-01 11:46:24
467,1783,1783,2021-01-01 11:42:46
468,-1929,-1929,2021-01-01 10:32:22
469,1109,1109,2021-01-01 11:20:18
470,1449,1449,2021-01-01 11:31:38
471,-1759,-1759,2021-01-01 10:38:02
472,1896,1896,2021-01-01 11:46:32
473,800,-800,2021-01-01 11:15:24
474,-1359,-1359,2021-01-01 10:51:22
475,1541,1541,2021-01-01 11:34:42
476,-800,900,2021-01-01 11:05:18
477,-1795,-1795,2021-01-01 10:36:50
478,-1510,-1510,2021-01-01 10:46:20
479,1384,1384,2021-01-01 11:29:28
480,-1917,-1917,2021-01-01 10:32:46
481,1812,1812,2021-01-01 11:43:44
482,-1779,-1779,2021-01-01 10:37:22
483,0,-200,2021-01-01 11:10:16
484,-1835,-1835,2021-01-01 10:35:30
485,-1178,-1178,2021-01-01 10:57:24
486,-1077,-1077,2021-01-01 11:00:46
487,-200,-600,2021-01-01 11:08:48
488,1576,1576,2021-01-01 11:35:52
489,1320,1320,2021-01-01 11:27:20
490,1755,1755,2021-01-01 11:41:50
491,-1767,-1767,2021-01-01 10:37:46
492,-1805,-1805,2021-01-01 10:36:30
493,-1780,-1780,2021-01-01 10:37:20
494,-2000,-2000,2021-01-01 10:30:00
495,-1360,-1360,2021-01-01 10:51:20
496,1129,1129,2021-01-01 11:20:58
497,-600,300,2021-01-01 11:06:26
498,1237,1237,2021-01-01 11:24:34
499,-1799,-1799,2021-01-01 10:36:42
500,1223,1223,2021-01-01 11:24:06
501,1330,1330,2021-01-01 11:27:40
502,1524,1524,2021-01-01 11:34:08
503,-1941,-1941,2021-01-01 10:31:58
504,1266,1266,2021-01-01 11:25:32
505,-1315,-1315,2021-01-01 10:52:50
506,1672,1672,2021-01-01 11:39:04
507,-1307,-1307,2021-01-01 10:53:06
508,-1423,-1423,2021-01-01 10:49:14
509,1481,1481,2021-01-01 11:32:42
510,300,700,2021-01-01 11:12:06
511,1093,1093,2021-01-01 11:19:46
512,1829,1829,2021-01-01 11:44:18
513,1978,1978,2021-01-01 11:49:16
514,-700,300,2021-01-01 11:05:34
515,-1244,-1244,2021-01-01 10:55:12
516,1409,1409,2021-01-01 11:30:18
517,-1912,-1912,2021-01-01 10:32:56
518,-1197,-1197,2021-01-01 10:56:46
519,-1922,-1922,2021-01-01 10:32:36
520,-1808,-1808,2021-01-01 10:36:24
521,1579,1579,2021-01-01 11:35:58
522,1287,1287,2021-01-01 11:26:14
523,1380,1380,2021-01-01 11:29:20
524,1487,1487,2021-01-01 11:32:54
525,-1768,-1768,2021-01-01 10:37:44
526,800,-1000,2021-01-01 11:15:20
527,-1355,-1355,2021-01-01 10:51:30
528,-500,300,2021-01-01 11:06:54
529,-1758,-1758,2021-01-01 10:38:04
530,-1989,-1989,2021-01-01 10:30:22
531,1959,1959,2021-01-01 11:48:38
532,-1772,-1772,2021-01-01 10:37:36
533,1131,1131,2021-01-01 11:21:02
534,-1730,-1730,2021-01-01 10:39:00
535,-1179,-1179,2021-01-01 10:57:22
536,-1130,-1130,2021-01-01 10:59:00
537,-1253,-1253,2021-01-01 10:54:54
538,1421,1421,2021-01-01 11:30:42
539,-1775,-1775,2021-01-01 10:37:30
540,-1032,-1032,2021-01-01 11:02:16
541,-500,-900,2021-01-01 11:07:18
542,1192,1192,2021-01-01 11:23:04
543,1169,1169,2021-01-01 11:22:18
544,-1476,-1476,2021-01-01 10:47:28
545,-1473,-1473,2021-01-01 10:47:34
546,-1224,-1224,2021-01-01 10:55:52
547,-1729,-1729,2021-01-01 10:39:02
548,-1898,-1898,2021-01-01 10:33:24
549,1521,1521,2021-01-01 11:34:02
550,1417,1417,2021-01-01 11:30:34
551,500,-600,2021-01-01 11:13:52
552,-1087,-1087,2021-01-01 11:00:26
553,-1717,-1717,2021-01-01 10:39:26
554,-1000,400,2021-01-01 11:03:48
555,-700,-600,2021-01-01 11:05:52
556,-1743,-1743,2021-01-01 10:38:34
557,-900,100,2021-01-01 11:04:18
558,-1553,-1553,2021-01-01 10:44:54
559,1185,1185,2021-01-01 11:22:50
560,-200,600,2021-01-01 11:09:12
561,1273,1273,2021-01-01 11:25:46
562,-1535,-1535,2021-01-01 10:45:30
563,-700,100,2021-01-01 11:05:38
564,1590,1590,2021-01-01 11:36:20
565,-1903,-1903,2021-01-01 10:33:14
566,1386,1386,2021-01-01 11:29:32
567,-300,-200,2021-01-01 11:08:24
568,-1753,-1753,2021-01-01 10:38:14
569,1045,1045,2021-01-01 11:18:10
570,1710,1710,2021-01-01 11:40:20
571,1039,1039,2021-01-01 11:17:58
572,-900,-700,2021-01-01 11:04:34
573,-1203,-1203,2021-01-01 10:56:34
574,1653,1653,2021-01-01 11:38:26
575,1860,1860,2021-01-01 11:45:20
576,1323,1323,2021-01-01 11:27:26
577,1372,1372,2021-01-01 11:29:04
578,600,-900,2021-01-01 11:14:02
579,1914,1914,2021-01-01 11:47:08
580,1890,1890,2021-01-01 11:46:20
581,-1821,-1821,2021-01-01 10:35:58
582,300,-100,2021-01-01 11:12:22
583,-1187,-1187,2021-01-01 10:57:06
584,1936,1936,2021-01-01 11:47:52
585,1401,1401,2021-01-01 11:30:02
586,-1000,-800,2021-01-01 11:03:24
587,1053,1053,2021-01-01 11:18:26
588,-1816,-1816,2021-01-01 10:36:08
589,-1090,-1090,2021-01-01 11:00:20
590,-300,-300,2021-01-01 11:08:26
591,1899,1899,2021-01-01 11:46:38
592,1709,1709,2021-01-01 11:40:18
593,1946,1946,2021-01-01 11:48:12
594,-1581,-1581,2021-01-01 10:43:58
595,1630,1630,2021-01-01 11:37:40
596,1513,1513,2021-01-01 11:33:46
597,-1783,-1783,2021-01-01 10:37:14
598,-1000,-200,2021-01-01 11:03:36
599,1898,1898,2021-01-01 11:46:36
600,-1814,-1814,2021-01-01 10:36:12
601,1134,1134,2021-01-01 11:21:08
602,1913,1913,2021-01-01 11:47:06
603,1264,1264,2021-01-01 11:25:28
604,1018,1018,2021-01-01 11:17:16
605,-1019,-1019,2021-01-01 11:02:42
606,-1340,-1340,2021-01-01 10:52:00
607,-1160,-1160,2021-01-01 10:58:00
608,1425,1425,2021-01-01 11:30:50
609,-1773,-1773,2021-01-01 10:37:34
610,1585,1585,2021-01-01 11:36:10
611,-1791,-1791,2021-01-01 10:36:58
612,-1323,-1323,2021-01-01 10:52:34
613,-1468,-1468,2021-01-01 10:47:44
614,-1080,-1080,2021-01-01 11:00:40
615,-1571,-1571,2021-01-01 10:44:18
616,1527,1527,2021-01-01 11:34:14
617,-1314,-1314,2021-01-01 10:52:52
618,1161,1161,2021-01-01 11:22:02
619,-1158,-1158,2021-01-01 10:58:04
620,1009,1009,2021-01-01 11:16:58
621,1657,1657,2021-01-01 11:38:34
622,800,-900,2021-01-01 11:15:22
623,-300,100,2021-01-01 11:08:18
624,-1760,-1760,2021-01-01 10:38:00
625,-1551,-1551,2021-01-01 10:44:58
626,-1534,-1534,2021-01-01 10:45:32
627,-1660,-1660,2021-01-01 10:41:20
628,1820,1820,2021-01-01 11:44:00
629,-400,-500,2021-01-01 11:07:30
630,1146,1146,2021-01-01 11:21:32
631,-1836,-1836,2021-01-01 10:35:28
632,1201,1201,2021-01-01 11:23:22
633,-1967,-1967,2021-01-01 10:31:06
634,1535,1535,2021-01-01 11:34:30
635,-1832,-1832,2021-01-01 10:35:36
636,-1641,-1641,2021-01-01 10:41:58
637,1610,1610,2021-01-01 11:37:00
638,0,0,2021-01-01 11:10:20
639,-1830,-1830,2021-01-01 10:35:40
640,1232,1232,2021-01-01 11:24:24
641,-1813,-1813,2021-01-01 10:36:14
642,-1516,-1516,2021-01-01 10:46:08
643,1515,1515,2021-01-01 11:33:50
644,-1801,-1801,2021-01-01 10:36:38
645,-1347,-1347,2021-01-01 10:51:46
646,-1662,-1662,2021-01-01 10:41:16
647,1596,1596,2021-01-01 11:36:32
648,1500,1500,2021-01-01 11:33:20
649,-1640,-1640,2021-01-01 10:42:00
650,-1663,-1663,2021-01-01 10:41:14
651,1453,1453,2021-01-01 11:31:46
652,-1752,-1752,2021-01-01 10:38:16
653,-1524,-1524,2021-01-01 10:45:52
654,1036,1036,2021-01-01 11:17:52
655,-1985,-1985,2021-01-01 10:30:30
656,1429,1429,2021-01-01 11:30:58
657,1052,1052,2021-01-01 11:18:24
658,1305,1305,2021-01-01 11:26:50
659,1663,1663,2021-01-01 11:38:46
660,1642,1642,2021-01-01 11:38:04
661,1340,1340,2021-01-01 11:28:00
662,-1680,-1680,2021-01-01 10:40:40
663,1240,1240,2021-01-01 11:24:40
664,1024,1024,2021-01-01 11:17:28
665,100,-100,2021-01-01 11:11:02
666,-1711,-1711,2021-01-01 10:39:38
667,-1906,-1906,2021-01-01 10:33:08
668,-1470,-1470,2021-01-01 10:47:40
669,-1890,-1890,2021-01-01 10:33:40
670,1920,1920,2021-01-01 11:47:20
671,-1596,-1596,2021-01-01 10:43:28
672,-1806,-1806,2021-01-01 10:36:28
673,-1904,-1904,2021-01-01 10:33:12
674,-1055,-1055,2021-01-01 11:01:30
675,-1518,-1518,2021-01-01 10:46:04
676,1733,1733,2021-01-01 11:41:06
677,-1332,-1332,2021-01-01 10:52:16
678,-1673,-1673,2021-01-01 10:40:54
679,-1190,-1190,2021-01-01 10:57:00
680,-1992,-1992,2021-01-01 10:30:16
681,1058,1058,2021-01-01 11:18:36
682,1177,1177,2021-01-01 11:22:34
683,700,400,2021-01-01 11:14:52
684,1136,1136,2021-01-01 11:21:12
685,1751,1751,2021-01-01 11:41:42
686,1915,1915,2021-01-01 11:47:10
687,-1169,-1169,2021-01-01 10:57:42
688,1851,1851,2021-01-01 11:45:02
689,1260,1260,2021-01-01 11:25:20
690,-1691,-1691,2021-01-01 10:40:18
691,-1176,-1176,2021-01-01 10:57:28
692,-1123,-1123,2021-01-01 10:59:14
693,-1986,-1986,2021-01-01 10:30:28
694,1120,1120,2021-01-01 11:20:40
695,1025,1025,2021-01-01 11:17:30
696,-800,300,2021-01-01 11:05:06
697,500,800,2021-01-01 11:13:24
698,-1108,-1108,2021-01-01 10:59:44
699,-1235,-1235,2021-01-01 10:55:30
700,-1938,-1938,2021-01-01 10:32:04
701,-1139,-1139,2021-01-01 10:58:42
702,-1049,-1049,2021-01-01 11:01:42
703,-1047,-1047,2021-01-01 11:01:46
704,1257,1257,2021-01-01 11:25:14
705,1835,1835,2021-01-01 11:44:30
706,1189,1189,2021-01-01 11:22:58
707,-300,900,2021-01-01 11:08:02
708,-1388,-1388,2021-01-01 10:50:24
709,1594,1594,2021-01-01 11:36:28
710,-1511,-1511,2021-01-01 10:46:18
711,1826,1826,2021-01-01 11:44:12
712,1606,1606,2021-01-01 11:36:52
713,1190,1190,2021-01-01 11:23:00
714,1356,1356,2021-01-01 11:28:32
715,-300,0,2021-01-01 11:08:20
716,1059,1059,2021-01-01 11:18:38
717,900,-100,2021-01-01 11:16:22
718,1265,1265,2021-01-01 11:25:30
719,-1432,-1432,2021-01-01 10:48:56
720,1195,1195,2021-01-01 11:23:10
721,-1495,-1495,2021-01-01 10:46:50
722,1422,1422,2021-01-01 11:30:44
723,1616,1616,2021-01-01 11:37:12
724,1953,1953,2021-01-01 11:48:26
725,1352,1352,2021-01-01 11:28:24
726,1759,1759,2021-01-01 11:41:58
727,1334,1334,2021-01-01 11:27:48
728,-1519,-1519,2021-01-01 10:46:02
729,1930,1930,2021-01-01 11:47:40
730,1627,1627,2021-01-01 11:37:34
731,-1317,-1317,2021-01-01 10:52:46
732,-1555,-1555,2021-01-01 10:44:50
733,-400,-700,2021-01-01 11:07:26
734,1101,1101,2021-01-01 11:20:02
735,-1543,-1543,2021-01-01 10:45:14
736,1828,1828,2021-01-01 11:44:16
737,400,-200,2021-01-01 11:12:56
738,-1540,-1540,2021-01-01 10:45:20
739,500,400,2021-01-01 11:13:32
740,-1744,-1744,2021-01-01 10:38:32
741,-1040,-1040,2021-01-01 11:02:00
742,-1538,-1538,2021-01-01 10:45:24
743,1092,1092,2021-01-01 11:19:44
744,-1000,-1000,2021-01-01 11:03:20
745,1360,1360,2021-01-01 11:28:40
746,1243,1243,2021-01-01 11:24:46
747,-100,-500,2021-01-01 11:09:50
748,900,0,2021-01-01 11:16:20
749,-1031,-1031,2021-01-01 11:02:18
750,-900,700,2021-01-01 11:04:06
751,-1367,-1367,2021-01-01 10:51:06
752,-1037,-1037,2021-01-01 11:02:06
753,1105,1105,2021-01-01 11:20:10
754,1319,1319,2021-01-01 11:27:18
755,1598,1598,2021-01-01 11:36:36
756,1880,1880,2021-01-01 11:46:00
757,600,700,2021-01-01 11:14:34
758,1650,1650,2021-01-01 11:38:20
759,1410,1410,2021-01-01 11:30:20
760,-1021,-1021,2021-01-01 11:02:38
761,-1064,-1064,2021-01-01 11:01:12
762,-1569,-1569,2021-01-01 10:44:22
763,-1088,-1088,2021-01-01 11:00:24
764,0,900,2021-01-01 11:10:38
765,1010,1010,2021-01-01 11:17:00
766,-1385,-1385,2021-01-01 10:50:30
767,1277,1277,2021-01-01 11:25:54
768,1665,1665,2021-01-01 11:38:50
769,1324,1324,2021-01-01 11:27:28
770,1455,1455,2021-01-01 11:31:50
771,900,100,2021-01-01 11:16:18
772,1178,1178,2021-01-01 11:22:36
773,-1081,-1081,2021-01-01 11:00:38
774,1262,1262,2021-01-01 11:25:24
775,1956,1956,2021-01-01 11:48:32
776,-1831,-1831,2021-01-01 10:35:38
777,-300,-700,2021-01-01 11:08:34
778,-1570,-1570,2021-01-01 10:44:20
779,-1626,-1626,2021-01-01 10:42:28
780,-1137,-1137,2021-01-01 10:58:46
781,-1382,-1382,2021-01-01 10:50:36
782,1525,1525,2021-01-01 11:34:10
783,-1420,-1420,2021-01-01 10:49:20
784,1168,1168,2021-01-01 11:22:16
785,-1790,-1790,2021-01-01 10:37:00
786,1127,1127,2021-01-01 11:20:54
787,-1125,-1125,2021-01-01 10:59:10
788,-1321,-1321,2021-01-01 10:52:38
789,-900,-200,2021-01-01 11:04:24
790,-1002,-1002,2021-01-01 11:03:16
791,-1968,-1968,2021-01-01 10:31:04
792,-1400,-1400,2021-01-01 10:50:00
793,-900,-300,2021-01-01 11:04:26
794,1313,1313,2021-01-01 11:27:06
795,-1073,-1073,2021-01-01 11:00:54
796,1722,1722,2021-01-01 11:40:44
797,-900,400,2021-01-01 11:04:12
798,-1422,-1422,2021-01-01 10:49:16
799,-1273,-1273,2021-01-01 10:54:14
800,1458,1458,2021-01-01 11:31:56
801,-200,200,2021-01-01 11:09:04
802,-800,800,2021-01-01 11:05:16
803,-1593,-1593,2021-01-01 10:43:34
804,-1872,-1872,2021-01-01 10:34:16
805,-200,-100,2021-01-01 11:08:58
806,1483,1483,2021-01-01 11:32:46
807,200,300,2021-01-01 11:11:46
808,1782,1782,2021-01-01 11:42:44
809,1990,1990,2021-01-01 11:49:40
810,1281,1281,2021-01-01 11:26:02
811,-700,-300,2021-01-01 11:05:46
812,-1427,-1427,2021-01-01 10:49:06
813,1358,1358,2021-01-01 11:28:36
814,-1113,-1113,2021-01-01 10:59:34
815,-1177,-1177,2021-01-01 10:57:26
816,1212,1212,2021-01-01 11:23:44
817,-1162,-1162,2021-01-01 10:57:56
818,400,-500,2021-01-01 11:12:50
819,-1532,-1532,2021-01-01 10:45:36
820,1085,1085,2021-01-01 11:19:30
821,-1807,-1807,2021-01-01 10:36:26
822,1659,1659,2021-01-01 11:38:38
823,-1342,-1342,2021-01-01 10:51:56
824,-1755,-1755,2021-01-01 10:38:10
825,-900,0,2021-01-01 11:04:20
826,1485,1485,2021-01-01 11:32:50
827,1775,1775,2021-01-01 11:42:30
828,-1000,-300,2021-01-01 11:03:34
829,-1818,-1818,2021-01-01 10:36:04
830,-1471,-1471,2021-01-01 10:47:38
831,1426,1426,2021-01-01 11:30:52
832,1720,1720,2021-01-01 11:40:40
833,1599,1599,2021-01-01 11:36:38
834,-1787,-1787,2021-01-01 10:37:06
835,-900,500,2021-01-01 11:04:10
836,-1272,-1272,2021-01-01 10:54:16
837,-1209,-1209,2021-01-01 10:56:22
838,1108,1108,2021-01-01 11:20:16
839,-1391,-1391,2021-01-01 10:50:18
840,700,-400,2021-01-01 11:15:08
841,1662,1662,2021-01-01 11:38:44
842,-1135,-1135,2021-01-01 10:58:50
843,-1408,-1408,2021-01-01 10:49:44
844,-600,700,2021-01-01 11:06:34
845,-600,-300,2021-01-01 11:06:14
846,1889,1889,2021-01-01 11:46:18
847,1171,1171,2021-01-01 11:22:22
848,1903,1903,2021-01-01 11:46:46
849,-1102,-1102,2021-01-01 10:59:56
850,1857,1857,2021-01-01 11:45:14
851,-1011,-1011,2021-01-01 11:02:58
852,1863,1863,2021-01-01 11:45:26
853,-1545,-1545,2021-01-01 10:45:10
854,-1084,-1084,2021-01-01 11:00:32
855,-1694,-1694,2021-01-01 10:40:12
856,-1590,-1590,2021-01-01 10:43:40
857,-1445,-1445,2021-01-01 10:48:30
858,-1498,-1498,2021-01-01 10:46:44
859,-1868,-1868,2021-01-01 10:34:24
860,-1582,-1582,2021-01-01 10:43:56
861,1885,1885,2021-01-01 11:46:10
862,-1289,-1289,2021-01-01 10:53:42
863,-1211,-1211,2021-01-01 10:56:18
864,1602,1602,2021-01-01 11:36:44
865,1035,1035,2021-01-01 11:17:50
866,-1311,-1311,2021-01-01 10:52:58
867,-1192,-1192,2021-01-01 10:56:56
868,-1460,-1460,2021-01-01 10:48:00
869,1732,1732,2021-01-01 11:41:04
870,-1624,-1624,2021-01-01 10:42:32
871,1699,1699,2021-01-01 11:39:58
872,-100,-300,2021-01-01 11:09:46
873,1933,1933,2021-01-01 11:47:46
874,-1377,-1377,2021-01-01 10:50:46
875,-1972,-1972,2021-01-01 10:30:56
876,1370,1370,2021-01-01 11:29:00
877,-1426,-1426,2021-01-01 10:49:08
878,300,400,2021-01-01 11:12:12
879,-500,600,2021-01-01 11:06:48
880,-1098,-1098,2021-01-01 11:00:04
881,-1739,-1739,2021-01-01 10:38:42
882,1846,1846,2021-01-01 11:44:52
883,-600,600,2021-01-01 11:06:32
884,-1241,-1241,2021-01-01 10:55:18
885,1198,1198,2021-01-01 11:23:16
886,1992,1992,2021-01-01 11:49:44
887,-1539,-1539,2021-01-01 10:45:22
888,-1774,-1774,2021-01-01 10:37:32
889,1208,1208,2021-01-01 11:23:36
890,-300,400,2021-01-01 11:08:12
891,-1601,-1601,2021-01-01 10:43:18
892,400,400,2021-01-01 11:13:08
893,600,600,2021-01-01 11:14:32
894,-1536,-1536,2021-01-01 10:45:28
895,-1296,-1296,2021-01-01 10:53:28
896,1300,1300,2021-01-01 11:26:40
897,-800,100,2021-01-01 11:05:02
898,1649,1649,2021-01-01 11:38:18
899,-1075,-1075,2021-01-01 11:00:50
900,1713,1713,2021-01-01 11:40:26
901,1006,1006,2021-01-01 11:16:52
902,1491,1491,2021-01-01 11:33:02
903,500,900,2021-01-01 11:13:22
904,-700,800,2021-01-01 11:05:24
905,-1110,-1110,2021-01-01 10:59:40
906,1389,1389,2021-01-01 11:29:38
907,1836,1836,2021-01-01 11:44:32
908,1031,1031,2021-01-01 11:17:42
909,-1411,-1411,2021-01-01 10:49:38
910,-1874,-1874,2021-01-01 10:34:12
911,-1053,-1053,2021-01-01 11:01:34
912,300,-400,2021-01-01 11:12:28
913,1275,1275,2021-01-01 11:25:50
914,1635,1635,2021-01-01 11:37:50
915,-1902,-1902,2021-01-01 10:33:16
916,500,-300,2021-01-01 11:13:46
917,1447,1447,2021-01-01 11:31:34
918,1083,1083,2021-01-01 11:19:26
919,900,900,2021-01-01 11:16:02
920,600,100,2021-01-01 11:14:22
921,1103,1103,2021-01-01 11:20:06
922,1993,1993,2021-01-01 11:49:46
923,1895,1895,2021-01-01 11:46:30
924,-1854,-1854,2021-01-01 10:34:52
925,1424,1424,2021-01-01 11:30:48
926,1945,1945,2021-01-01 11:48:10
927,-600,-400,2021-01-01 11:06:12
928,-1217,-1217,2021-01-01 10:56:06
929,-1567,-1567,2021-01-01 10:44:26
930,1667,1667,2021-01-01 11:38:54
931,-1741,-1741,2021-01-01 10:38:38
932,-1803,-1803,2021-01-01 10:36:34
933,-1482,-1482,2021-01-01 10:47:16
934,-1956,-1956,2021-01-01 10:31:28
935,1935,1935,2021-01-01 11:47:50
936,-1083,-1083,2021-01-01 11:00:34
937,1442,1442,2021-01-01 11:31:24
938,-1185,-1185,2021-01-01 10:57:10
939,1715,1715,2021-01-01 11:40:30
940,-1201,-1201,2021-01-01 10:56:38
941,1937,1937,2021-01-01 11:47:54
942,-1414,-1414,2021-01-01 10:49:32
943,-1603,-1603,2021-01-01 10:43:14
944,-1817,-1817,2021-01-01 10:36:06
945,1230,1230,2021-01-01 11:24:20
946,1187,1187,2021-01-01 11:22:54
947,600,-800,2021-01-01 11:14:04
948,1040,1040,2021-01-01 11:18:00
949,1906,1906,2021-01-01 11:46:52
950,-1116,-1116,2021-01-01 10:59:28
951,-600,-500,2021-01-01 11:06:10
952,1567,1567,2021-01-01 11:35:34
953,-1514,-1514,2021-01-01 10:46:12
954,-1254,-1254,2021-01-01 10:54:52
955,900,-500,2021-01-01 11:16:30
956,1096,1096,2021-01-01 11:19:52
957,700,700,2021-01-01 11:14:46
958,-1991,-1991,2021-01-01 10:30:18
959,1123,1123,2021-01-01 11:20:46
960,1183,1183,2021-01-01 11:22:46
961,1164,1164,2021-01-01 11:22:08
962,1238,1238,2021-01-01 11:24:36
963,-1316,-1316,2021-01-01 10:52:48
964,1578,1578,2021-01-01 11:35:56
965,1605,1605,2021-01-01 11:36:50
966,-1905,-1905,2021-01-01 10:33:10
967,1970,1970,2021-01-01 11:49:00
968,1341,1341,2021-01-01 11:28:02
969,300,100,2021-01-01 11:12:18
970,1651,1651,2021-01-01 11:38:22
971,1757,1757,2021-01-01 11:41:54
972,-700,-200,2021-01-01 11:05:44
973,1832,1832,2021-01-01 11:44:24
974,1213,1213,2021-01-01 11:23:46
975,1838,1838,2021-01-01 11:44:36
976,-1111,-1111,2021-01-01 10:59:38
977,1743,1743,2021-01-01 11:41:26
978,200,100,2021-01-01 11:11:42
979,-1672,-1672,2021-01-01 10:40:56
980,-1487,-1487,2021-01-01 10:47:06
981,-1406,-1406,2021-01-01 10:49:48
982,1278,1278,2021-01-01 11:25:56
983,1636,1636,2021-01-01 11:37:52
984,1015,1015,2021-01-01 11:17:10
985,1211,1211,2021-01-01 11:23:42
986,-1286,-1286,2021-01-01 10:53:48
987,-1659,-1659,2021-01-01 10:41:22
988,1128,1128,2021-01-01 11:20:56
989,-1014,-1014,2021-01-01 11:02:52
990,1626,1626,2021-01-01 11:37:32
991,-1607,-1607,2021-01-01 10:43:06
992,1548,1548,2021-01-01 11:34:56
993,-200,-800,2021-01-01 11:08:44
994,1805,1805,2021-01-01 11:43:30
995,1336,1336,2021-01-01 11:27:52
996,-1677,-1677,2021-01-01 10:40:46
997,1969,1969,2021-01-01 11:48:58
998,-1018,-1018,2021-01-01 11:02:44
999,-1637,-1637,2021-01-01 10:42:06
1000,-1271,-1271,2021-01-01 10:54:18
1001,400,-100,2021-01-01 11:12:58
1002,700,-800,2021-01-01 11:15:16
1003,-1997,-1997,2021-01-01 10:30:06
1004,-1971,-1971,2021-01-01 10:30:58
1005,500,-200,2021-01-01 11:13:44
1006,1029,1029,2021-01-01 11:17:38
1007,1331,1331,2021-01-01 11:27:42
1008,1995,1995,2021-01-01 11:49:50
1009,1748,1748,2021-01-01 11:41:36
1010,1251,1251,2021-01-01 11:25:02
1011,-1879,-1879,2021-01-01 10:34:02
1012,1996,1996,2021-01-01 11:49:52
1013,1339,1339,2021-01-01 11:27:58
1014,-1439,-1439,2021-01-01 10:48:42
1015,1149,1149,2021-01-01 11:21:38
1016,0,300,2021-01-01 11:10:26
1017,-500,100,2021-01-01 11:06:58
1018,1817,1817,2021-01-01 11:43:54
1019,1139,1139,2021-01-01 11:21:18
1020,-1942,-1942,2021-01-01 10:31:56
1021,1765,1765,2021-01-01 11:42:10
1022,600,-100,2021-01-01 11:14:18
1023,-1000,0,2021-01-01 11:03:40
1024,-1797,-1797,2021-01-01 10:36:46
1025,300,-900,2021-01-01 11:12:38
1026,1813,1813,2021-01-01 11:43:46
1027,1619,1619,2021-01-01 11:37:18
1028,-1444,-1444,2021-01-01 10:48:32
1029,-1612,-1612,2021-01-01 10:42:56
1030,-1990,-1990,2021-01-01 10:30:20
1031,1295,1295,2021-01-01 11:26:30
1032,-1452,-1452,2021-01-01 10:48:16
1033,-1281,-1281,2021-01-01 10:53:58
1034,-1649,-1649,2021-01-01 10:41:42
1035,900,300,2021-01-01 11:16:14
1036,-1046,-1046,2021-01-01 11:01:48
1037,-1184,-1184,2021-01-01 10:57:12
1038,-1295,-1295,2021-01-01 10:53:30
1039,1289,1289,2021-01-01 11:26:18
1040,1122,1122,2021-01-01 11:20:44
1041,-500,700,2021-01-01 11:06:46
1042,-1687,-1687,2021-01-01 10:40:26
1043,-1725,-1725,2021-01-01 10:39:10
1044,1493,1493,2021-01-01 11:33:06
1045,-1303,-1303,2021-01-01 10:53:14
1046,-600,-700,2021-01-01 11:06:06
1047,300,-800,2021-01-01 11:12:36
1048,1303,1303,2021-01-01 11:26:46
1049,-1606,-1606,2021-01-01 10:43:08
1050,-1109,-1109,2021-01-01 10:59:42
1051,1728,1728,2021-01-01 11:40:56
1052,-1389,-1389,2021-01-01 10:50:22
1053,1012,1012,2021-01-01 11:17:04
1054,-1548,-1548,2021-01-01 10:45:04
1055,-1413,-1413,2021-01-01 10:49:34
1056,1924,1924,2021-01-01 11:47:28
1057,200,400,2021-01-01 11:11:48
1058,600,400,2021-01-01 11:14:28
1059,1271,1271,2021-01-01 11:25:42
1060,-1299,-1299,2021-01-01 10:53:22
1061,1488,1488,2021-01-01 11:32:56
1062,1037,1037,2021-01-01 11:17:54
1063,-1459,-1459,2021-01-01 10:48:02
1064,-1165,-1165,2021-01-01 10:57:50
1065,300,900,2021-01-01 11:12:02
1066,-1341,-1341,2021-01-01 10:51:58
1067,-1746,-1746,2021-01-01 10:38:28
1068,-1765,-1765,2021-01-01 10:37:50
1069,-1845,-1845,2021-01-01 10:35:10
1070,-1376,-1376,2021-01-01 10:50:48
1071,1587,1587,2021-01-01 11:36:14
1072,-1747,-1747,2021-01-01 10:38:26
1073,-700,-900,2021-01-01 11:05:58
1074,-1366,-1366,2021-01-01 10:51:08
1075,-1599,-1599,2021-01-01 10:43:22
1076,1530,1530,2021-01-01 11:34:20
1077,-1240,-1240,2021-01-01 10:55:20
1078,-1881,-1881,2021-01-01 10:33:58
1079,-1219,-1219,2021-01-01 10:56:02
1080,-1129,-1129,2021-01-01 10:59:02
1081,-800,-900,2021-01-01 11:04:42
1082,-400,300,2021-01-01 11:07:46
1083,1552,1552,2021-01-01 11:35:04
1084,-1144,-1144,2021-01-01 10:58:32
1085,-1574,-1574,2021-01-01 10:44:12
1086,1905,1905,2021-01-01 11:46:50
1087,1796,1796,2021-01-01 11:43:12
1088,600,-400,2021-01-01 11:14:12
1089,1595,1595,2021-01-01 11:36:30
1090,-300,-600,2021-01-01 11:08:32
1091,1329,1329,2021-01-01 11:27:38
1092,-200,100,2021-01-01 11:09:02
1093,400,-800,2021-01-01 11:12:44
1094,1011,1011,2021-01-01 11:17:02
1095,1706,1706,2021-01-01 11:40:12
1096,1070,1070,2021-01-01 11:19:00
1097,-1919,-1919,2021-01-01 10:32:42
1098,-1827,-1827,2021-01-01 10:35:46
1099,1869,1869,2021-01-01 11:45:38
1100,-1781,-1781,2021-01-01 10:37:18
1101,1090,1090,2021-01-01 11:19:40
1102,-1112,-1112,2021-01-01 10:59:36
1103,1490,1490,2021-01-01 11:33:00
1104,-1700,-1700,2021-01-01 10:40:00
1105,-1277,-1277,2021-01-01 10:54:06
1106,-1900,-1900,2021-01-01 10:33:20
1107,900,1000,2021-01-01 11:16:00
1108,1403,1403,2021-01-01 11:30:06
1109,1306,1306,2021-01-01 11:26:52
1110,1494,1494,2021-01-01 11:33:08
1111,-700,-500,2021-01-01 11:05:50
1112,900,-900,2021-01-01 11:16:38
1113,1046,1046,2021-01-01 11:18:12
1114,-1710,-1710,2021-01-01 10:39:40
1115,1714,1714,2021-01-01 11:40:28
1116,1489,1489,2021-01-01 11:32:58
1117,-1504,-1504,2021-01-01 10:46:32
1118,1727,1727,2021-01-01 11:40:54
1119,1362,1362,2021-01-01 11:28:44
1120,-1133,-1133,2021-01-01 10:58:54
1121,1547,1547,2021-01-01 11:34:54
1122,1947,1947,2021-01-01 11:48:14
1123,-100,-400,2021-01-01 11:09:48
1124,500,700,2021-01-01 11:13:26
1125,1307,1307,2021-01-01 11:26:54
1126,-100,700,2021-01-01 11:09:26
1127,-1959,-1959,2021-01-01 10:31:22
1128,-1948,-1948,2021-01-01 10:31:44
1129,-300,700,2021-01-01 11:08:06
1130,-500,-500,2021-01-01 11:07:10
1131,1774,1774,2021-01-01 11:42:28
1132,1218,1218,2021-01-01 11:23:56
1133,1439,1439,2021-01-01 11:31:18
1134,-1054,-1054,2021-01-01 11:01:32
1135,-1066,-1066,2021-01-01 11:01:08
1136,-1654,-1654,2021-01-01 10:41:32
1137,1754,1754,2021-01-01 11:41:48
1138,-1529,-1529,2021-01-01 10:45:42
1139,1060,1060,2021-01-01 11:18:40
1140,1934,1934,2021-01-01 11:47:48
1141,-1166,-1166,2021-01-01 10:57:48
1142,1516,1516,2021-01-01 11:33:52
1143,-1846,-1846,2021-01-01 10:35:08
1144,1140,1140,2021-01-01 11:21:20
1145,-1457,-1457,2021-01-01 10:48:06
1146,1027,1027,2021-01-01 11:17:34
1147,-500,800,2021-01-01 11:06:44
1148,-1449,-1449,2021-01-01 10:48:22
1149,1346,1346,2021-01-01 11:28:12
1150,300,-200,2021-01-01 11:12:24
1151,-1078,-1078,2021-01-01 11:00:44
1152,-1074,-1074,2021-01-01 11:00:52
1153,900,-200,2021-01-01 11:16:24
1154,-1000,-900,2021-01-01 11:03:22
1155,-1242,-1242,2021-01-01 10:55:16
1156,-1331,-1331,2021-01-01 10:52:18
1157,1457,1457,2021-01-01 11:31:54
1158,-1756,-1756,2021-01-01 10:38:08
1159,1482,1482,2021-01-01 11:32:44
1160,1881,1881,2021-01-01 11:46:02
1161,-1336,-1336,2021-01-01 10:52:08
1162,1470,1470,2021-01-01 11:32:20
1163,-1351,-1351,2021-01-01 10:51:38
1164,-1628,-1628,2021-01-01 10:42:24
1165,-1009,-1009,2021-01-01 11:03:02
1166,-1204,-1204,2021-01-01 10:56:32
1167,-1517,-1517,2021-01-01 10:46:06
1168,-1950,-1950,2021-01-01 10:31:40
1169,-1358,-1358,2021-01-01 10:51:24
1170,-1537,-1537,2021-01-01 10:45:26
1171,1173,1173,2021-01-01 11:22:26
1172,1055,1055,2021-01-01 11:18:30
1173,1603,1603,2021-01-01 11:36:46
1174,1071,1071,2021-01-01 11:19:02
1175,1542,1542,2021-01-01 11:34:44
1176,1285,1285,2021-01-01 11:26:10
1177,1126,1126,2021-01-01 11:20:52
1178,-1840,-1840,2021-01-01 10:35:20
1179,-1526,-1526,2021-01-01 10:45:48
1180,-200,-1000,2021-01-01 11:08:40
1181,-1940,-1940,2021-01-01 10:32:00
1182,-1749,-1749,2021-01-01 10:38:22
1183,-1005,-1005,2021-01-01 11:03:10
1184,800,500,2021-01-01 11:15:50
1185,1666,1666,2021-01-01 11:38:52
1186,1478,1478,2021-01-01 11:32:36
1187,1259,1259,2021-01-01 11:25:18
1188,-100,-800,2021-01-01 11:09:56
1189,1617,1617,2021-01-01 11:37:14
1190,1456,1456,2021-01-01 11:31:52
1191,1770,1770,2021-01-01 11:42:20
1192,1816,1816,2021-01-01 11:43:52
1193,1038,1038,2021-01-01 11:17:56
1194,1057,1057,2021-01-01 11:18:34
1195,-1221,-1221,2021-01-01 10:55:58
1196,0,800,2021-01-01 11:10:36
1197,1879,1879,2021-01-01 11:45:58
1198,1917,1917,2021-01-01 11:47:14
1199,700,-500,2021-01-01 11:15:10
1200,1041,1041,2021-01-01 11:18:02
1201,1221,1221,2021-01-01 11:24:02
1202,1971,1971,2021-01-01 11:49:02
1203,-100,0,2021-01-01 11:09:40
1204,-1491,-1491,2021-01-01 10:46:58
1205,-1013,-1013,2021-01-01 11:02:54
1206,1850,1850,2021-01-01 11:45:00
1207,1392,1392,2021-01-01 11:29:44
1208,1901,1901,2021-01-01 11:46:42
1209,500,300,2021-01-01 11:13:34
1210,-1275,-1275,2021-01-01 10:54:10
1211,-1231,-1231,2021-01-01 10:55:38
1212,-1914,-1914,2021-01-01 10:32:52
1213,-200,-400,2021-01-01 11:08:52
1214,1926,1926,2021-01-01 11:47:32
1215,1468,1468,2021-01-01 11:32:16
1216,-1686,-1686,2021-01-01 10:40:28
1217,1328,1328,2021-01-01 11:27:36
1218,1586,1586,2021-01-01 11:36:12
1219,1312,1312,2021-01-01 11:27:04
1220,1641,1641,2021-01-01 11:38:02
1221,-1148,-1148,2021-01-01 10:58:24
1222,1793,1793,2021-01-01 11:43:06
1223,1707,1707,2021-01-01 11:40:14
1224,-1913,-1913,2021-01-01 10:32:54
1225,1299,1299,2021-01-01 11:26:38
1226,-1220,-1220,2021-01-01 10:56:00
1227,-800,200,2021-01-01 11:05:04
1228,-1602,-1602,2021-01-01 10:43:16
1229,1047,1047,2021-01-01 11:18:14
1230,-1884,-1884,2021-01-01 10:33:52
1231,-1851,-1851,2021-01-01 10:34:58
1232,-1899,-1899,2021-01-01 10:33:22
1233,-1122,-1122,2021-01-01 10:59:16
1234,-1619,-1619,2021-01-01 10:42:42
1235,-1424,-1424,2021-01-01 10:49:12
1236,1393,1393,2021-01-01 11:29:46
1237,1814,1814,2021-01-01 11:43:48
1238,-800,-100,2021-01-01 11:04:58
1239,-1103,-1103,2021-01-01 10:59:54
1240,1987,1987,2021-01-01 11:49:34
1241,-1889,-1889,2021-01-01 10:33:42
1242,700,-300,2021-01-01 11:15:06
1243,400,500,2021-01-01 11:13:10
1244,1931,1931,2021-01-01 11:47:42
1245,-1236,-1236,2021-01-01 10:55:28
1246,100,800,2021-01-01 11:10:44
1247,0,500,2021-01-01 11:10:30
1248,600,300,2021-01-01 11:14:26
1249,-1896,-1896,2021-01-01 10:33:28
1250,1098,1098,2021-01-01 11:19:56
1251,1411,1411,2021-01-01 11:30:22
1252,1244,1244,2021-01-01 11:24:48
1253,-1096,-1096,2021-01-01 11:00:08
1254,-800,-500,2021-01-01 11:04:50
1255,1294,1294,2021-01-01 11:26:28
1256,1474,1474,2021-01-01 11:32:28
1257,-300,200,2021-01-01 11:08:16
1258,-700,500,2021-01-01 11:05:30
1259,1723,1723,2021-01-01 11:40:46
1260,-600,800,2021-01-01 11:06:36
1261,-1594,-1594,2021-01-01 10:43:32
1262,-1825,-1825,2021-01-01 10:35:50
1263,1661,1661,2021-01-01 11:38:42
1264,1588,1588,2021-01-01 11:36:16
1265,1740,1740,2021-01-01 11:41:20
1266,-1876,-1876,2021-01-01 10:34:08
1267,-1937,-1937,2021-01-01 10:32:06
1268,-1722,-1722,2021-01-01 10:39:16
1269,-1107,-1107,2021-01-01 10:59:46
1270,1622,1622,2021-01-01 11:37:24
1271,-1960,-1960,2021-01-01 10:31:20
1272,-1270,-1270,2021-01-01 10:54:20
1273,-1000,900,2021-01-01 11:03:58
1274,1219,1219,2021-01-01 11:23:58
1275,-500,-300,2021-01-01 11:07:06
1276,-1600,-1600,2021-01-01 10:43:20
1277,-1652,-1652,2021-01-01 10:41:36
1278,100,500,2021-01-01 11:10:50
1279,-1175,-1175,2021-01-01 10:57:30
1280,1501,1501,2021-01-01 11:33:22
1281,-1259,-1259,2021-01-01 10:54:42
1282,1640,1640,2021-01-01 11:38:00
1283,-1349,-1349,2021-01-01 10:51:42
1284,-1584,-1584,2021-01-01 10:43:52
1285,1359,1359,2021-01-01 11:28:38
1286,1692,1692,2021-01-01 11:39:44
1287,1004,1004,2021-01-01 11:16:48
1288,800,700,2021-01-01 11:15:54
1289,-1357,-1357,2021-01-01 10:51:26
1290,1802,1802,2021-01-01 11:43:24
1291,-1563,-1563,2021-01-01 10:44:34
1292,1445,1445,2021-01-01 11:31:30
1293,-100,300,2021-01-01 11:09:34
1294,-1503,-1503,2021-01-01 10:46:34
1295,-500,-400,2021-01-01 11:07:08
1296,-1869,-1869,2021-01-01 10:34:22
1297,0,-800,2021-01-01 11:10:04
1298,1938,1938,2021-01-01 11:47:56
1299,-1870,-1870,2021-01-01 10:34:20
1300,-1608,-1608,2021-01-01 10:43:04
1301,-1926,-1926,2021-01-01 10:32:28
1302,-1627,-1627,2021-01-01 10:42:26
1303,-900,-100,2021-01-01 11:04:22
1304,-1499,-1499,2021-01-01 10:46:42
1305,-1095,-1095,2021-01-01 11:00:10
1306,-1131,-1131,2021-01-01 10:58:58
1307,-1572,-1572,2021-01-01 10:44:16
1308,-1678,-1678,2021-01-01 10:40:44
1309,1744,1744,2021-01-01 11:41:28
1310,1142,1142,2021-01-01 11:21:24
1311,-1443,-1443,2021-01-01 10:48:34
1312,1150,1150,2021-01-01 11:21:40
1313,1673,1673,2021-01-01 11:39:06
1314,1414,1414,2021-01-01 11:30:28
1315,1241,1241,2021-01-01 11:24:42
1316,1592,1592,2021-01-01 11:36:24
1317,-1416,-1416,2021-01-01 10:49:28
1318,1056,1056,2021-01-01 11:18:32
1319,-1409,-1409,2021-01-01 10:49:42
1320,-300,500,2021-01-01 11:08:10
1321,1008,1008,2021-01-01 11:16:56
1322,1064,1064,2021-01-01 11:18:48
1323,-1214,-1214,2021-01-01 10:56:12
1324,-1665,-1665,2021-01-01 10:41:10
1325,1791,1791,2021-01-01 11:43:02
1326,1787,1787,2021-01-01 11:42:54
1327,-1911,-1911,2021-01-01 10:32:58
1328,-1988,-1988,2021-01-01 10:30:24
1329,1568,1568,2021-01-01 11:35:36
1330,1690,1690,2021-01-01 11:39:40
1331,-1405,-1405,2021-01-01 10:49:50
1332,1132,1132,2021-01-01 11:21:04
1333,-1149,-1149,2021-01-01 10:58:22
1334,1876,1876,2021-01-01 11:45:52
1335,1867,1867,2021-01-01 11:45:34
1336,-1496,-1496,2021-01-01 10:46:48
1337,-1616,-1616,2021-01-01 10:42:48
1338,-1993,-1993,2021-01-01 10:30:14
1339,-1210,-1210,2021-01-01 10:56:20
1340,1872,1872,2021-01-01 11:45:44
1341,-900,900,2021-01-01 11:04:02
1342,600,-700,2021-01-01 11:14:06
1343,1526,1526,2021-01-01 11:34:12
1344,0,400,2021-01-01 11:10:28
1345,-1965,-1965,2021-01-01 10:31:10
1346,1957,1957,2021-01-01 11:48:34
1347,1633,1633,2021-01-01 11:37:46
1348,1520,1520,2021-01-01 11:34:00
1349,-1764,-1764,2021-01-01 10:37:52
1350,-1143,-1143,2021-01-01 10:58:34
1351,-1980,-1980,2021-01-01 10:30:40
1352,-1683,-1683,2021-01-01 10:40:34
1353,1509,1509,2021-01-01 11:33:38
1354,-600,500,2021-01-01 11:06:30
1355,1398,1398,2021-01-01 11:29:56
1356,-1918,-1918,2021-01-01 10:32:44
1357,1749,1749,2021-01-01 11:41:38
1358,-1458,-1458,2021-01-01 10:48:04
1359,-1521,-1521,2021-01-01 10:45:58
1360,1381,1381,2021-01-01 11:29:22
1361,-1257,-1257,2021-01-01 10:54:46
1362,-400,800,2021-01-01 11:07:56
1363,1698,1698,2021-01-01 11:39:56
1364,400,-700,2021-01-01 11:12:46
1365,-1068,-1068,2021-01-01 11:01:04
1366,1001,1001,2021-01-01 11:16:42
1367,1051,1051,2021-01-01 11:18:22
1368,-1001,-1001,2021-01-01 11:03:18
1369,-500,-800,2021-01-01 11:07:16
1370,1375,1375,2021-01-01 11:29:10
1371,-1003,-1003,2021-01-01 11:03:14
1372,-1696,-1696,2021-01-01 10:40:08
1373,1766,1766,2021-01-01 11:42:12
1374,-1921,-1921,2021-01-01 10:32:38
1375,200,700,2021-01-01 11:11:54
1376,1304,1304,2021-01-01 11:26:48
1377,1837,1837,2021-01-01 11:44:34
1378,1176,1176,2021-01-01 11:22:32
1379,-1334,-1334,2021-01-01 10:52:12
1380,-1848,-1848,2021-01-01 10:35:04
1381,-1528,-1528,2021-01-01 10:45:44
1382,-1732,-1732,2021-01-01 10:38:56
1383,1308,1308,2021-01-01 11:26:56
1384,-1228,-1228,2021-01-01 10:55:44
1385,-1174,-1174,2021-01-01 10:57:32
1386,-1858,-1858,2021-01-01 10:34:44
1387,-1742,-1742,2021-01-01 10:38:36
1388,-1225,-1225,2021-01-01 10:55:50
1389,-1433,-1433,2021-01-01 10:48:54
1390,-1255,-1255,2021-01-01 10:54:50
1391,-1223,-1223,2021-01-01 10:55:54
1392,1608,1608,2021-01-01 11:36:56
1393,-1620,-1620,2021-01-01 10:42:40
1394,1718,1718,2021-01-01 11:40:36
1395,-1556,-1556,2021-01-01 10:44:48
1396,-1429,-1429,2021-01-01 10:49:02
1397,-800,-400,2021-01-01 11:04:52
1398,-1597,-1597,2021-01-01 10:43:26
1399,-1976,-1976,2021-01-01 10:30:48
1400,-1891,-1891,2021-01-01 10:33:38
1401,-1720,-1720,2021-01-01 10:39:20
1402,1986,1986,2021-01-01 11:49:32
1403,1566,1566,2021-01-01 11:35:32
1404,-1322,-1322,2021-01-01 10:52:36
1405,1115,1115,2021-01-01 11:20:30
1406,-600,-600,2021-01-01 11:06:08
1407,1229,1229,2021-01-01 11:24:18
1408,-1119,-1119,2021-01-01 10:59:22
1409,1451,1451,2021-01-01 11:31:42
1410,1477,1477,2021-01-01 11:32:34
1411,100,600,2021-01-01 11:10:48
1412,-100,500,2021-01-01 11:09:30
1413,200,-700,2021-01-01 11:11:26
1414,-1908,-1908,2021-01-01 10:33:04
1415,1529,1529,2021-01-01 11:34:18
1416,-1425,-1425,2021-01-01 10:49:10
1417,1721,1721,2021-01-01 11:40:42
1418,1894,1894,2021-01-01 11:46:28
1419,1558,1558,2021-01-01 11:35:16
1420,-1152,-1152,2021-01-01 10:58:16
1421,-1319,-1319,2021-01-01 10:52:42
1422,1984,1984,2021-01-01 11:49:28
1423,1623,1623,2021-01-01 11:37:26
1424,1565,1565,2021-01-01 11:35:30
1425,-1766,-1766,2021-01-01 10:37:48
1426,-1481,-1481,2021-01-01 10:47:18
1427,400,-300,2021-01-01 11:12:54
1428,1413,1413,2021-01-01 11:30:26
1429,-1605,-1605,2021-01-01 10:43:10
1430,-1251,-1251,2021-01-01 10:54:58
1431,-1838,-1838,2021-01-01 10:35:24
1432,-1067,-1067,2021-01-01 11:01:06
1433,-100,-700,2021-01-01 11:09:54
1434,1069,1069,2021-01-01 11:18:58
1435,1170,1170,2021-01-01 11:22:20
1436,-1800,-1800,2021-01-01 10:36:40
1437,-1229,-1229,2021-01-01 10:55:42
1438,100,0,2021-01-01 11:11:00
1439,1904,1904,2021-01-01 11:46:48
1440,1387,1387,2021-01-01 11:29:34
1441,-1020,-1020,2021-01-01 11:02:40
1442,-1794,-1794,2021-01-01 10:36:52
1443,-200,-700,2021-01-01 11:08:46
1444,-1117,-1117,2021-01-01 10:59:26
1445,-400,-400,2021-01-01 11:07:32
1446,1049,1049,2021-01-01 11:18:18
1447,1188,1188,2021-01-01 11:22:56
1448,-1936,-1936,2021-01-01 10:32:08
1449,1654,1654,2021-01-01 11:38:28
1450,-700,600,2021-01-01 11:05:28
1451,-1472,-1472,2021-01-01 10:47:36
1452,-1392,-1392,2021-01-01 10:50:16
1453,-1094,-1094,2021-01-01 11:00:12
1454,500,600,2021-01-01 11:13:28
1455,-200,-500,2021-01-01 11:08:50
1456,-1823,-1823,2021-01-01 10:35:54
1457,-1198,-1198,2021-01-01 10:56:44
1458,-1300,-1300,2021-01-01 10:53:20
1459,1167,1167,2021-01-01 11:22:14
1460,-500,0,2021-01-01 11:07:00
1461,1148,1148,2021-01-01 11:21:36
1462,1242,1242,2021-01-01 11:24:44
1463,-1350,-1350,2021-01-01 10:51:40
1464,200,200,2021-01-01 11:11:44
1465,-1048,-1048,2021-01-01 11:01:44
1466,-1728,-1728,2021-01-01 10:39:04
1467,-1674,-1674,2021-01-01 10:40:52
1468,700,1000,2021-01-01 11:14:40
1469,1646,1646,2021-01-01 11:38:12
1470,1416,1416,2021-01-01 11:30:32
1471,1112,1112,2021-01-01 11:20:24
1472,-100,200,2021-01-01 11:09:36
1473,-1745,-1745,2021-01-01 10:38:30
1474,1357,1357,2021-01-01 11:28:34
1475,1546,1546,2021-01-01 11:34:52
1476,-1557,-1557,2021-01-01 10:44:46
1477,1887,1887,2021-01-01 11:46:14
1478,1065,1065,2021-01-01 11:18:50
1479,-1843,-1843,2021-01-01 10:35:14
1480,-1000,-500,2021-01-01 11:03:30
1481,1613,1613,2021-01-01 11:37:06
1482,-1670,-1670,2021-01-01 10:41:00
1483,-1320,-1320,2021-01-01 10:52:40
1484,-200,-900,2021-01-01 11:08:42
1485,-1168,-1168,2021-01-01 10:57:44
1486,1830,1830,2021-01-01 11:44:20
1487,1821,1821,2021-01-01 11:44:02
1488,1497,1497,2021-01-01 11:33:14
1489,200,500,2021-01-01 11:11:50
1490,-1820,-1820,2021-01-01 10:36:00
1491,1464,1464,2021-01-01 11:32:08
1492,1704,1704,2021-01-01 11:40:08
1493,1454,1454,2021-01-01 11:31:48
1494,-1164,-1164,2021-01-01 10:57:52
1495,-1490,-1490,2021-01-01 10:47:00
1496,1988,1988,2021-01-01 11:49:36
1497,1114,1114,2021-01-01 11:20:28
1498,1484,1484,2021-01-01 11:32:48
1499,1086,1086,2021-01-01 11:19:32
1500,1844,1844,2021-01-01 11:44:48
1501,-1944,-1944,2021-01-01 10:31:52
1502,1756,1756,2021-01-01 11:41:52
1503,-1293,-1293,2021-01-01 10:53:34
1504,-700,400,2021-01-01 11:05:32
1505,1395,1395,2021-01-01 11:29:50
1506,1376,1376,2021-01-01 11:29:12
1507,-1466,-1466,2021-01-01 10:47:48
1508,1293,1293,2021-01-01 11:26:26
1509,1075,1075,2021-01-01 11:19:10
1510,-1024,-1024,2021-01-01 11:02:32
1511,-1520,-1520,2021-01-01 10:46:00
1512,1873,1873,2021-01-01 11:45:46
1513,1563,1563,2021-01-01 11:35:26
1514,-300,-800,2021-01-01 11:08:36
1515,1647,1647,2021-01-01 11:38:14
1516,900,-400,2021-01-01 11:16:28
1517,-1770,-1770,2021-01-01 10:37:40
1518,1249,1249,2021-01-01 11:24:58
1519,-1748,-1748,2021-01-01 10:38:24
1520,1779,1779,2021-01-01 11:42:38
1521,-1434,-1434,2021-01-01 10:48:52
1522,-200,-300,2021-01-01 11:08:54
1523,-1595,-1595,2021-01-01 10:43:30
1524,1928,1928,2021-01-01 11:47:36
1525,-900,1000,2021-01-01 11:04:00
1526,1853,1853,2021-01-01 11:45:06
1527,-1751,-1751,2021-01-01 10:38:18
1528,-1121,-1121,2021-01-01 10:59:18
1529,-1000,600,2021-01-01 11:03:52
1530,-1910,-1910,2021-01-01 10:33:00
1531,1095,1095,2021-01-01 11:19:50
1532,1216,1216,2021-01-01 11:23:52
1533,1220,1220,2021-01-01 11:24:00
1534,1941,1941,2021-01-01 11:48:02
1535,-900,-400,2021-01-01 11:04:28
1536,1369,1369,2021-01-01 11:28:58
1537,-1609,-1609,2021-01-01 10:43:02
1538,-1356,-1356,2021-01-01 10:51:28
1539,1607,1607,2021-01-01 11:36:54
1540,800,-700,2021-01-01 11:15:26
1541,-1798,-1798,2021-01-01 10:36:44
1542,300,-500,2021-01-01 11:12:30
1543,-1897,-1897,2021-01-01 10:33:26
1544,400,-400,2021-01-01 11:12:52
1545,1448,1448,2021-01-01 11:31:36
1546,100,-400,2021-01-01 11:11:08
1547,-1195,-1195,2021-01-01 10:56:50
1548,-1895,-1895,2021-01-01 10:33:30
1549,0,700,2021-01-01 11:10:34
1550,1327,1327,2021-01-01 11:27:34
1551,1367,1367,2021-01-01 11:28:54
1552,1874,1874,2021-01-01 11:45:48
1553,-1438,-1438,2021-01-01 10:48:44
1554,-1789,-1789,2021-01-01 10:37:02
1555,-600,0,2021-01-01 11:06:20
1556,-1344,-1344,2021-01-01 10:51:52
1557,-500,200,2021-01-01 11:06:56
1558,1135,1135,2021-01-01 11:21:10
1559,-1461,-1461,2021-01-01 10:47:58
1560,1441,1441,2021-01-01 11:31:22
1561,500,-900,2021-01-01 11:13:58
1562,700,900,2021-01-01 11:14:42
1563,1966,1966,2021-01-01 11:48:52
1564,-1291,-1291,2021-01-01 10:53:38
1565,100,100,2021-01-01 11:10:58
1566,1951,1951,2021-01-01 11:48:22
1567,-1126,-1126,2021-01-01 10:59:08
1568,-1483,-1483,2021-01-01 10:47:14
1569,-1298,-1298,2021-01-01 10:53:24
1570,-1478,-1478,2021-01-01 10:47:24
1571,-1671,-1671,2021-01-01 10:40:58
1572,600,-200,2021-01-01 11:14:16
1573,1072,1072,2021-01-01 11:19:04
1574,1137,1137,2021-01-01 11:21:14
1575,-1705,-1705,2021-01-01 10:39:50
1576,1862,1862,2021-01-01 11:45:24
1577,-100,-900,2021-01-01 11:09:58
1578,1290,1290,2021-01-01 11:26:20
1579,1979,1979,2021-01-01 11:49:18
1580,-1183,-1183,2021-01-01 10:57:14
1581,1020,1020,2021-01-01 11:17:20
1582,1544,1544,2021-01-01 11:34:48
1583,-100,900,2021-01-01 11:09:22
1584,-1218,-1218,2021-01-01 10:56:04
1585,1652,1652,2021-01-01 11:38:24
1586,-1043,-1043,2021-01-01 11:01:54
1587,-1207,-1207,2021-01-01 10:56:26
1588,-1028,-1028,2021-01-01 11:02:24
1589,1309,1309,2021-01-01 11:26:58
1590,-1199,-1199,2021-01-01 10:56:42
1591,1871,1871,2021-01-01 11:45:42
1592,0,-100,2021-01-01 11:10:18
1593,-1435,-1435,2021-01-01 10:48:50
1594,-1973,-1973,2021-01-01 10:30:54
1595,1942,1942,2021-01-01 11:48:04
1596,1589,1589,2021-01-01 11:36:18
1597,-1042,-1042,2021-01-01 11:01:56
1598,400,0,2021-01-01 11:13:00
1599,1734,1734,2021-01-01 11:41:08
1600,-1493,-1493,2021-01-01 10:46:54
1601,1600,1600,2021-01-01 11:36:40
1602,1215,1215,2021-01-01 11:23:50
1603,1314,1314,2021-01-01 11:27:08
1604,-1030,-1030,2021-01-01 11:02:20
1605,1204,1204,2021-01-01 11:23:28
1606,-1955,-1955,2021-01-01 10:31:30
1607,1121,1121,2021-01-01 11:20:42
1608,-1531,-1531,2021-01-01 10:45:38
1609,-1082,-1082,2021-01-01 11:00:36
1610,1909,1909,2021-01-01 11:46:58
1611,1634,1634,2021-01-01 11:37:48
1612,-700,0,2021-01-01 11:05:40
1613,-1635,-1635,2021-01-01 10:42:10
1614,0,-1000,2021-01-01 11:10:00
1615,1107,1107,2021-01-01 11:20:14
1616,1746,1746,2021-01-01 11:41:32
1617,1843,1843,2021-01-01 11:44:46
1618,1991,1991,2021-01-01 11:49:42
1619,1467,1467,2021-01-01 11:32:14
1620,-1372,-1372,2021-01-01 10:50:56
1621,-1365,-1365,2021-01-01 10:51:10
1622,-1442,-1442,2021-01-01 10:48:36
1623,-1925,-1925,2021-01-01 10:32:30
1624,-1923,-1923,2021-01-01 10:32:34
1625,1916,1916,2021-01-01 11:47:12
1626,1019,1019,2021-01-01 11:17:18
1627,1013,1013,2021-01-01 11:17:06
1628,700,-900,2021-01-01 11:15:18
1629,1302,1302,2021-01-01 11:26:44
1630,1432,1432,2021-01-01 11:31:04
1631,-900,-900,2021-01-01 11:04:38
1632,1822,1822,2021-01-01 11:44:04
1633,-1301,-1301,2021-01-01 10:53:18
1634,-1731,-1731,2021-01-01 10:38:58
1635,1368,1368,2021-01-01 11:28:56
1636,-1453,-1453,2021-01-01 10:48:14
1637,1940,1940,2021-01-01 11:48:00
1638,-1029,-1029,2021-01-01 11:02:22
1639,-1623,-1623,2021-01-01 10:42:34
1640,1523,1523,2021-01-01 11:34:06
1641,-1996,-1996,2021-01-01 10:30:08
1642,-1860,-1860,2021-01-01 10:34:40
1643,1311,1311,2021-01-01 11:27:02
1644,-1456,-1456,2021-01-01 10:48:08
1645,800,800,2021-01-01 11:15:56
1646,-1708,-1708,2021-01-01 10:39:44
1647,-1329,-1329,2021-01-01 10:52:22
1648,1609,1609,2021-01-01 11:36:58
1649,-300,600,2021-01-01 11:08:08
1650,1994,1994,2021-01-01 11:49:48
1651,1385,1385,2021-01-01 11:29:30
1652,200,-100,2021-01-01 11:11:38
1653,-900,800,2021-01-01 11:04:04
1654,-1842,-1842,2021-01-01 10:35:16
1655,-1963,-1963,2021-01-01 10:31:14
1656,1465,1465,2021-01-01 11:32:10
1657,1349,1349,2021-01-01 11:28:18
1658,-1501,-1501,2021-01-01 10:46:38
1659,0,-300,2021-01-01 11:10:14
1660,1315,1315,2021-01-01 11:27:10
1661,-1792,-1792,2021-01-01 10:36:56
1662,-1000,700,2021-01-01 11:03:54
1663,-1639,-1639,2021-01-01 10:42:02
1664,-800,0,2021-01-01 11:05:00
1665,-1026,-1026,2021-01-01 11:02:28
1666,-300,800,2021-01-01 11:08:04
1667,1066,1066,2021-01-01 11:18:52
1668,500,-800,2021-01-01 11:13:56
1669,1532,1532,2021-01-01 11:34:24
1670,1716,1716,2021-01-01 11:40:32
1671,-1682,-1682,2021-01-01 10:40:36
1672,1684,1684,2021-01-01 11:39:28
1673,1615,1615,2021-01-01 11:37:10
1674,1976,1976,2021-01-01 11:49:12
1675,-1282,-1282,2021-01-01 10:53:56
1676,-1057,-1057,2021-01-01 11:01:26
1677,500,-400,2021-01-01 11:13:48
1678,1138,1138,2021-01-01 11:21:16
1679,-1256,-1256,2021-01-01 10:54:48
1680,-900,-500,2021-01-01 11:04:30
1681,1226,1226,2021-01-01 11:24:12
1682,200,800,2021-01-01 11:11:56
1683,200,-800,2021-01-01 11:11:24
1684,-1604,-1604,2021-01-01 10:43:12
1685,1476,1476,2021-01-01 11:32:32
1686,-1260,-1260,2021-01-01 10:54:40
1687,0,200,2021-01-01 11:10:24
1688,-1544,-1544,2021-01-01 10:45:12
1689,1849,1849,2021-01-01 11:44:58
1690,-1927,-1927,2021-01-01 10:32:26
1691,1110,1110,2021-01-01 11:20:20
1692,100,-300,2021-01-01 11:11:06
1693,800,0,2021-01-01 11:15:40
1694,-1212,-1212,2021-01-01 10:56:16
1695,-1072,-1072,2021-01-01 11:00:56
1696,-1873,-1873,2021-01-01 10:34:14
1697,-1930,-1930,2021-01-01 10:32:20
1698,-300,-900,2021-01-01 11:08:38
1699,-1362,-1362,2021-01-01 10:51:16
1700,-1345,-1345,2021-01-01 10:51:50
1701,-1467,-1467,2021-01-01 10:47:46
1702,-1041,-1041,2021-01-01 11:01:58
1703,1676,1676,2021-01-01 11:39:12
1704,1912,1912,2021-01-01 11:47:04
1705,1997,1997,2021-01-01 11:49:54
1706,-1578,-1578,2021-01-01 10:44:04
1707,-1171,-1171,2021-01-01 10:57:38
1708,-1227,-1227,2021-01-01 10:55:46
1709,1335,1335,2021-01-01 11:27:50
1710,1960,1960,2021-01-01 11:48:40
1711,1656,1656,2021-01-01 11:38:32
1712,-1703,-1703,2021-01-01 10:39:54
1713,-800,500,2021-01-01 11:05:10
1714,1769,1769,2021-01-01 11:42:18
1715,-1829,-1829,2021-01-01 10:35:42
1716,1184,1184,2021-01-01 11:22:48
1717,100,-900,2021-01-01 11:11:18
1718,-1638,-1638,2021-01-01 10:42:04
1719,1668,1668,2021-01-01 11:38:56
1720,1258,1258,2021-01-01 11:25:16
1721,900,-600,2021-01-01 11:16:32
1722,100,1000,2021-01-01 11:10:40
1723,-1479,-1479,2021-01-01 10:47:22
1724,1834,1834,2021-01-01 11:44:28
1725,-1261,-1261,2021-01-01 10:54:38
1726,-1056,-1056,2021-01-01 11:01:28
1727,-1106,-1106,2021-01-01 10:59:48
1728,1768,1768,2021-01-01 11:42:16
1729,-1230,-1230,2021-01-01 10:55:40
1730,-1455,-1455,2021-01-01 10:48:10
1731,-1564,-1564,2021-01-01 10:44:32
1732,-1146,-1146,2021-01-01 10:58:28
1733,-1480,-1480,2021-01-01 10:47:20
1734,1165,1165,2021-01-01 11:22:10
1735,-1222,-1222,2021-01-01 10:55:56
1736,1119,1119,2021-01-01 11:20:38
1737,600,0,2021-01-01 11:14:20
1738,1637,1637,2021-01-01 11:37:54
1739,800,200,2021-01-01 11:15:44
1740,1758,1758,2021-01-01 11:41:56
1741,1407,1407,2021-01-01 11:30:14
1742,1719,1719,2021-01-01 11:40:38
1743,0,-500,2021-01-01 11:10:10
1744,-1191,-1191,2021-01-01 10:56:58
1745,-1485,-1485,2021-01-01 10:47:10
1746,-1000,-700,2021-01-01 11:03:26
1747,600,500,2021-01-01 11:14:30
1748,1437,1437,2021-01-01 11:31:14
1749,1910,1910,2021-01-01 11:47:00
1750,-400,-300,2021-01-01 11:07:34
1751,-1857,-1857,2021-01-01 10:34:46
1752,-1124,-1124,2021-01-01 10:59:12
1753,-1370,-1370,2021-01-01 10:51:00
1754,-1920,-1920,2021-01-01 10:32:40
1755,1878,1878,2021-01-01 11:45:56
1756,-1237,-1237,2021-01-01 10:55:26
1757,0,600,2021-01-01 11:10:32
1758,-1454,-1454,2021-01-01 10:48:12
1759,-600,900,2021-01-01 11:06:38
1760,-1653,-1653,2021-01-01 10:41:34
1761,-1523,-1523,2021-01-01 10:45:54
1762,200,900,2021-01-01 11:11:58
1763,1929,1929,2021-01-01 11:47:38
1764,-1297,-1297,2021-01-01 10:53:26
1765,-1447,-1447,2021-01-01 10:48:26
1766,-1723,-1723,2021-01-01 10:39:14
1767,1250,1250,2021-01-01 11:25:00
1768,1391,1391,2021-01-01 11:29:42
1769,-1617,-1617,2021-01-01 10:42:46
1770,1893,1893,2021-01-01 11:46:26
1771,1583,1583,2021-01-01 11:36:06
1772,400,600,2021-01-01 11:13:12
1773,-1265,-1265,2021-01-01 10:54:30
1774,1559,1559,2021-01-01 11:35:18
1775,1412,1412,2021-01-01 11:30:24
1776,-1000,300,2021-01-01 11:03:46
1777,-1668,-1668,2021-01-01 10:41:04
1778,1402,1402,2021-01-01 11:30:04
1779,1210,1210,2021-01-01 11:23:40
1780,1310,1310,2021-01-01 11:27:00
1781,1861,1861,2021-01-01 11:45:22
1782,-1974,-1974,2021-01-01 10:30:52
1783,-800,400,2021-01-01 11:05:08
1784,-1276,-1276,2021-01-01 10:54:08
1785,-1502,-1502,2021-01-01 10:46:36
1786,-1719,-1719,2021-01-01 10:39:22
1787,-1952,-1952,2021-01-01 10:31:36
1788,1274,1274,2021-01-01 11:25:48
1789,800,-300,2021-01-01 11:15:34
1790,-1554,-1554,2021-01-01 10:44:52
1791,-1059,-1059,2021-01-01 11:01:22
1792,1689,1689,2021-01-01 11:39:38
1793,-1939,-1939,2021-01-01 10:32:02
1794,1819,1819,2021-01-01 11:43:58
1795,-1378,-1378,2021-01-01 10:50:44
1796,1540,1540,2021-01-01 11:34:40
1797,-1546,-1546,2021-01-01 10:45:08
1798,1196,1196,2021-01-01 11:23:12
1799,500,-100,2021-01-01 11:13:42
1800,100,-800,2021-01-01 11:11:16
1801,100,300,2021-01-01 11:10:54
1802,1841,1841,2021-01-01 11:44:42
1803,-500,1000,2021-01-01 11:06:40
1804,1923,1923,2021-01-01 11:47:26
1805,-1448,-1448,2021-01-01 10:48:24
1806,1420,1420,2021-01-01 11:30:40
1807,1801,1801,2021-01-01 11:43:22
1808,-1395,-1395,2021-01-01 10:50:10
1809,-1966,-1966,2021-01-01 10:31:08
1810,-500,500,2021-01-01 11:06:50
1811,-1000,-400,2021-01-01 11:03:32
1812,-600,-100,2021-01-01 11:06:18
1813,1097,1097,2021-01-01 11:19:54
1814,1000,1000,2021-01-01 11:16:40
1815,-1428,-1428,2021-01-01 10:49:04
1816,100,-700,2021-01-01 11:11:14
1817,1246,1246,2021-01-01 11:24:52
1818,1939,1939,2021-01-01 11:47:58
1819,800,600,2021-01-01 11:15:52
1820,400,-600,2021-01-01 11:12:48
1821,-1621,-1621,2021-01-01 10:42:38
1822,-1644,-1644,2021-01-01 10:41:52
1823,-1086,-1086,2021-01-01 11:00:28
1824,-1587,-1587,2021-01-01 10:43:46
1825,700,-700,2021-01-01 11:15:14
1826,-1507,-1507,2021-01-01 10:46:26
1827,-1339,-1339,2021-01-01 10:52:02
1828,1032,1032,2021-01-01 11:17:44
1829,-1337,-1337,2021-01-01 10:52:06
1830,1731,1731,2021-01-01 11:41:02
1831,-1363,-1363,2021-01-01 10:51:14
1832,-1036,-1036,2021-01-01 11:02:08
1833,-1393,-1393,2021-01-01 10:50:14
1834,-1234,-1234,2021-01-01 10:55:32
1835,600,800,2021-01-01 11:14:36
1836,1679,1679,2021-01-01 11:39:18
1837,-1690,-1690,2021-01-01 10:40:20
1838,100,900,2021-01-01 11:10:42
1839,1463,1463,2021-01-01 11:32:06
1840,-1718,-1718,2021-01-01 10:39:24
1841,1162,1162,2021-01-01 11:22:04
1842,1784,1784,2021-01-01 11:42:48
1843,1989,1989,2021-01-01 11:49:38
1844,-400,-600,2021-01-01 11:07:28
1845,1538,1538,2021-01-01 11:34:36
1846,1560,1560,2021-01-01 11:35:20
1847,-1969,-1969,2021-01-01 10:31:02
1848,1965,1965,2021-01-01 11:48:50
1849,1747,1747,2021-01-01 11:41:34
1850,1269,1269,2021-01-01 11:25:38
1851,-1575,-1575,2021-01-01 10:44:10
1852,-1506,-1506,2021-01-01 10:46:28
1853,-1196,-1196,2021-01-01 10:56:48
1854,1080,1080,2021-01-01 11:19:20
1855,-1015,-1015,2021-01-01 11:02:50
1856,1580,1580,2021-01-01 11:36:00
1857,-1305,-1305,2021-01-01 10:53:10
1858,1159,1159,2021-01-01 11:21:58
1859,1475,1475,2021-01-01 11:32:30
1860,1182,1182,2021-01-01 11:22:44
1861,1261,1261,2021-01-01 11:25:22
1862,1141,1141,2021-01-01 11:21:22
1863,-100,1000,2021-01-01 11:09:20
1864,1752,1752,2021-01-01 11:41:44
1865,-1824,-1824,2021-01-01 10:35:52
1866,1639,1639,2021-01-01 11:37:58
1867,-800,600,2021-01-01 11:05:12
1868,-1292,-1292,2021-01-01 10:53:36
1869,-1280,-1280,2021-01-01 10:54:00
1870,1155,1155,2021-01-01 11:21:50
1871,1620,1620,2021-01-01 11:37:20
1872,1517,1517,2021-01-01 11:33:54
1873,-1664,-1664,2021-01-01 10:41:12
1874,1717,1717,2021-01-01 11:40:34
1875,1531,1531,2021-01-01 11:34:22
1876,-1508,-1508,2021-01-01 10:46:24
1877,1342,1342,2021-01-01 11:28:04
1878,-1161,-1161,2021-01-01 10:57:58
1879,1214,1214,2021-01-01 11:23:48
1880,1263,1263,2021-01-01 11:25:26
1881,-1288,-1288,2021-01-01 10:53:44
1882,-1631,-1631,2021-01-01 10:42:18
1883,-1069,-1069,2021-01-01 11:01:02
1884,-1981,-1981,2021-01-01 10:30:38
1885,-1206,-1206,2021-01-01 10:56:28
1886,1949,1949,2021-01-01 11:48:18
1887,-1022,-1022,2021-01-01 11:02:36
1888,1007,1007,2021-01-01 11:16:54
1889,300,800,2021-01-01 11:12:04
1890,-1114,-1114,2021-01-01 10:59:32
1891,1762,1762,2021-01-01 11:42:04
1892,800,300,2021-01-01 11:15:46
1893,-1145,-1145,2021-01-01 10:58:30
1894,-200,300,2021-01-01 11:09:06
1895,500,1000,2021-01-01 11:13:20
1896,-500,900,2021-01-01 11:06:42
1897,-1060,-1060,2021-01-01 11:01:20
1898,500,100,2021-01-01 11:13:38
1899,1113,1113,2021-01-01 11:20:26
1900,-1676,-1676,2021-01-01 10:40:48
1901,1228,1228,2021-01-01 11:24:16
1902,1919,1919,2021-01-01 11:47:18
1903,1859,1859,2021-01-01 11:45:18
1904,1842,1842,2021-01-01 11:44:44
1905,-1611,-1611,2021-01-01 10:42:58
1906,1643,1643,2021-01-01 11:38:06
1907,1811,1811,2021-01-01 11:43:42
1908,-1804,-1804,2021-01-01 10:36:32
1909,-1646,-1646,2021-01-01 10:41:48
1910,-1688,-1688,2021-01-01 10:40:24
1911,1694,1694,2021-01-01 11:39:48
1912,-1947,-1947,2021-01-01 10:31:46
1913,-1155,-1155,2021-01-01 10:58:10
1914,1845,1845,2021-01-01 11:44:50
1915,1753,1753,2021-01-01 11:41:46
1916,-1862,-1862,2021-01-01 10:34:36
1917,600,900,2021-01-01 11:14:38
1918,1697,1697,2021-01-01 11:39:54
1919,1371,1371,2021-01-01 11:29:02
1920,-700,700,2021-01-01 11:05:26
1921,-1091,-1091,2021-01-01 11:00:18
1922,1962,1962,2021-01-01 11:48:44
1923,1882,1882,2021-01-01 11:46:04
1924,-1159,-1159,2021-01-01 10:58:02
1925,-1727,-1727,2021-01-01 10:39:06
1926,1506,1506,2021-01-01 11:33:32
1927,-1958,-1958,2021-01-01 10:31:24
1928,1199,1199,2021-01-01 11:23:18
1929,-1004,-1004,2021-01-01 11:03:12
1930,1712,1712,2021-01-01 11:40:24
1931,1084,1084,2021-01-01 11:19:28
1932,-1962,-1962,2021-01-01 10:31:16
1933,-1998,-1998,2021-01-01 10:30:04
1934,1572,1572,2021-01-01 11:35:44
1935,1077,1077,2021-01-01 11:19:14
1936,1907,1907,2021-01-01 11:46:54
1937,1539,1539,2021-01-01 11:34:38
1938,1883,1883,2021-01-01 11:46:06
1939,-1982,-1982,2021-01-01 10:30:36
1940,-1419,-1419,2021-01-01 10:49:22
1941,1390,1390,2021-01-01 11:29:40
1942,-800,-800,2021-01-01 11:04:44
1943,1239,1239,2021-01-01 11:24:38
1944,-300,-100,2021-01-01 11:08:22
1945,-1262,-1262,2021-01-01 10:54:36
1946,1408,1408,2021-01-01 11:30:16
1947,1522,1522,2021-01-01 11:34:04
1948,-1294,-1294,2021-01-01 10:53:32
1949,-1647,-1647,2021-01-01 10:41:46
1950,-1258,-1258,2021-01-01 10:54:44
1951,-1598,-1598,2021-01-01 10:43:24
1952,-1515,-1515,2021-01-01 10:46:10
1953,1854,1854,2021-01-01 11:45:08
1954,1855,1855,2021-01-01 11:45:10
1955,-1283,-1283,2021-01-01 10:53:54
1956,-1326,-1326,2021-01-01 10:52:28
1957,1573,1573,2021-01-01 11:35:46
1958,-100,600,2021-01-01 11:09:28
1959,1268,1268,2021-01-01 11:25:36
1960,1638,1638,2021-01-01 11:37:56
1961,1361,1361,2021-01-01 11:28:42
1962,-1643,-1643,2021-01-01 10:41:54
1963,-1128,-1128,2021-01-01 10:59:04
1964,1431,1431,2021-01-01 11:31:02
1965,1423,1423,2021-01-01 11:30:46
1966,1061,1061,2021-01-01 11:18:42
1967,-1522,-1522,2021-01-01 10:45:56
1968,-1497,-1497,2021-01-01 10:46:46
1969,-1666,-1666,2021-01-01 10:41:08
1970,-1008,-1008,2021-01-01 11:03:04
1971,-1726,-1726,2021-01-01 10:39:08
1972,-1000,200,2021-01-01 11:03:44
1973,-1492,-1492,2021-01-01 10:46:56
1974,-1279,-1279,2021-01-01 10:54:02
1975,-1762,-1762,2021-01-01 10:37:56
1976,1999,1999,2021-01-01 11:49:58
1977,-1656,-1656,2021-01-01 10:41:28
1978,-200,0,2021-01-01 11:09:00
1979,-1893,-1893,2021-01-01 10:33:34
1980,1236,1236,2021-01-01 11:24:32
1981,1631,1631,2021-01-01 11:37:42
1982,-1634,-1634,2021-01-01 10:42:12
1983,-1883,-1883,2021-01-01 10:33:54
1984,-1153,-1153,2021-01-01 10:58:14
1985,200,-1000,2021-01-01 11:11:20
1986,-1312,-1312,2021-01-01 10:52:56
1987,-1352,-1352,2021-01-01 10:51:36
1988,-1284,-1284,2021-01-01 10:53:52
1989,1809,1809,2021-01-01 11:43:38
1990,-1983,-1983,2021-01-01 10:30:34
1991,1685,1685,2021-01-01 11:39:30
1992,-1346,-1346,2021-01-01 10:51:48
1993,-1330,-1330,2021-01-01 10:52:20
1994,-1886,-1886,2021-01-01 10:33:48
1995,-1885,-1885,2021-01-01 10:33:50
1996,-1931,-1931,2021-01-01 10:32:18
1997,1760,1760,2021-01-01 11:42:00
1998,1806,1806,2021-01-01 11:43:32
1999,-1397,-1397,2021-01-01 10:50:06
2000,1502,1502,2021-01-01 11:33:24
2001,1700,1700,2021-01-01 11:40:00
2002,-1309,-1309,2021-01-01 10:53:02
2003,-1715,-1715,2021-01-01 10:39:30
2004,-1651,-1651,2021-01-01 10:41:38
2005,500,0,2021-01-01 11:13:40
2006,400,900,2021-01-01 11:13:18
2007,1795,1795,2021-01-01 11:43:10
2008,-1576,-1576,2021-01-01 10:44:08
2009,-1712,-1712,2021-01-01 10:39:36
2010,0,-900,2021-01-01 11:10:02
2011,1279,1279,2021-01-01 11:25:58
2012,1469,1469,2021-01-01 11:32:18
2013,-1541,-1541,2021-01-01 10:45:18
2014,-1657,-1657,2021-01-01 10:41:26
2015,1810,1810,2021-01-01 11:43:40
2016,-1313,-1313,2021-01-01 10:52:54
2017,-100,100,2021-01-01 11:09:38
2018,100,400,2021-01-01 11:10:52
2019,-1675,-1675,2021-01-01 10:40:50
2020,-1474,-1474,2021-01-01 10:47:32
2021,600,-600,2021-01-01 11:14:08
2022,1472,1472,2021-01-01 11:32:24
2023,1708,1708,2021-01-01 11:40:16
2024,1291,1291,2021-01-01 11:26:22
2025,-1648,-1648,2021-01-01 10:41:44
2026,-1410,-1410,2021-01-01 10:49:40
2027,-200,500,2021-01-01 11:09:10
2028,1681,1681,2021-01-01 11:39:22
2029,1153,1153,2021-01-01 11:21:46
2030,-1978,-1978,2021-01-01 10:30:44
2031,-1232,-1232,2021-01-01 10:55:36
2032,-1208,-1208,2021-01-01 10:56:24
2033,1772,1772,2021-01-01 11:42:24
2034,1866,1866,2021-01-01 11:45:32
2035,1519,1519,2021-01-01 11:33:58
2036,1021,1021,2021-01-01 11:17:22
2037,1695,1695,2021-01-01 11:39:50
2038,1788,1788,2021-01-01 11:42:56
2039,-1943,-1943,2021-01-01 10:31:54
2040,1016,1016,2021-01-01 11:17:12
2041,0,100,2021-01-01 11:10:22
2042,1818,1818,2021-01-01 11:43:56
2043,1865,1865,2021-01-01 11:45:30
2044,-800,-300,2021-01-01 11:04:54
2045,1206,1206,2021-01-01 11:23:32
2046,-1403,-1403,2021-01-01 10:49:54
2047,-1061,-1061,2021-01-01 11:01:18
2048,1399,1399,2021-01-01 11:29:58
2049,-1193,-1193,2021-01-01 10:56:54
2050,1730,1730,2021-01-01 11:41:00
2051,-1815,-1815,2021-01-01 10:36:10
2052,-800,-700,2021-01-01 11:04:46
2053,-1822,-1822,2021-01-01 10:35:56
2054,1028,1028,2021-01-01 11:17:36
2055,1026,1026,2021-01-01 11:17:32
2056,-800,-200,2021-01-01 11:04:56
2057,1628,1628,2021-01-01 11:37:36
2058,-1157,-1157,2021-01-01 10:58:06
2059,-1695,-1695,2021-01-01 10:40:10
2060,1840,1840,2021-01-01 11:44:40
2061,1918,1918,2021-01-01 11:47:16
2062,1343,1343,2021-01-01 11:28:06
2063,-1721,-1721,2021-01-01 10:39:18
2064,-400,-100,2021-01-01 11:07:38
2065,1355,1355,2021-01-01 11:28:30
2066,-1837,-1837,2021-01-01 10:35:26
2067,-1561,-1561,2021-01-01 10:44:38
2068,1745,1745,2021-01-01 11:41:30
2069,1891,1891,2021-01-01 11:46:22
2070,1761,1761,2021-01-01 11:42:02
2071,1405,1405,2021-01-01 11:30:10
2072,1353,1353,2021-01-01 11:28:26
2073,-1863,-1863,2021-01-01 10:34:34
2074,1726,1726,2021-01-01 11:40:52
2075,600,-1000,2021-01-01 11:14:00
2076,-1034,-1034,2021-01-01 11:02:12
2077,1503,1503,2021-01-01 11:33:26
2078,-1012,-1012,2021-01-01 11:02:56
2079,1504,1504,2021-01-01 11:33:28
2080,1511,1511,2021-01-01 11:33:42
2081,1702,1702,2021-01-01 11:40:04
2082,1823,1823,2021-01-01 11:44:06
2083,-1142,-1142,2021-01-01 10:58:36
2084,-1252,-1252,2021-01-01 10:54:56
2085,-1713,-1713,2021-01-01 10:39:34
2086,-300,300,2021-01-01 11:08:14
2087,-400,500,2021-01-01 11:07:50
2088,-1463,-1463,2021-01-01 10:47:54
2089,-1855,-1855,2021-01-01 10:34:50
2090,200,600,2021-01-01 11:11:52
2091,-1274,-1274,2021-01-01 10:54:12
2092,-100,-600,2021-01-01 11:09:52
2093,1554,1554,2021-01-01 11:35:08
2094,-1374,-1374,2021-01-01 10:50:52
2095,-1238,-1238,2021-01-01 10:55:24
2096,100,-200,2021-01-01 11:11:04
2097,-1173,-1173,2021-01-01 10:57:34
2098,1400,1400,2021-01-01 11:30:00
2099,-1278,-1278,2021-01-01 10:54:04
2100,-500,-600,2021-01-01 11:07:12
2101,1900,1900,2021-01-01 11:46:40
2102,1205,1205,2021-01-01 11:23:30
2103,1471,1471,2021-01-01 11:32:22
2104,-1140,-1140,2021-01-01 10:58:40
2105,-1579,-1579,2021-01-01 10:44:02
2106,1557,1557,2021-01-01 11:35:14
2107,1773,1773,2021-01-01 11:42:26
2108,900,-800,2021-01-01 11:16:36
2109,-1777,-1777,2021-01-01 10:37:26
2110,1888,1888,2021-01-01 11:46:16
2111,1022,1022,2021-01-01 11:17:24
2112,1428,1428,2021-01-01 11:30:56
2113,-500,-200,2021-01-01 11:07:04
2114,-1446,-1446,2021-01-01 10:48:28
2115,200,-600,2021-01-01 11:11:28
2116,-1465,-1465,2021-01-01 10:47:50
2117,1382,1382,2021-01-01 11:29:24
2118,-1417,-1417,2021-01-01 10:49:26
2119,1952,1952,2021-01-01 11:48:24
2120,1729,1729,2021-01-01 11:40:58
2121,-400,-1000,2021-01-01 11:07:20
2122,1082,1082,2021-01-01 11:19:24
2123,1954,1954,2021-01-01 11:48:28
2124,1157,1157,2021-01-01 11:21:54
2125,-1871,-1871,2021-01-01 10:34:18
2126,1042,1042,2021-01-01 11:18:04
2127,1143,1143,2021-01-01 11:21:26
2128,-1200,-1200,2021-01-01 10:56:40
2129,-700,200,2021-01-01 11:05:36
2130,1922,1922,2021-01-01 11:47:24
2131,-200,700,2021-01-01 11:09:14
2132,500,500,2021-01-01 11:13:30
2133,-1186,-1186,2021-01-01 10:57:08
2134,-1105,-1105,2021-01-01 10:59:50
2135,1591,1591,2021-01-01 11:36:22
2136,-1994,-1994,2021-01-01 10:30:12
2137,-1462,-1462,2021-01-01 10:47:56
2138,1711,1711,2021-01-01 11:40:22
2139,1687,1687,2021-01-01 11:39:34
2140,1351,1351,2021-01-01 11:28:22
2141,-1431,-1431,2021-01-01 10:48:58
2142,1703,1703,2021-01-01 11:40:06
2143,300,-600,2021-01-01 11:12:32
2144,1884,1884,2021-01-01 11:46:08
2145,-800,-600,2021-01-01 11:04:48
2146,-400,0,2021-01-01 11:07:40
2147,-1562,-1562,2021-01-01 10:44:36
2148,-600,200,2021-01-01 11:06:24
2149,300,0,2021-01-01 11:12:20
2150,-1975,-1975,2021-01-01 10:30:50
2151,900,400,2021-01-01 11:16:12
2152,1963,1963,2021-01-01 11:48:46
2153,1245,1245,2021-01-01 11:24:50
2154,1556,1556,2021-01-01 11:35:12
2155,-1436,-1436,2021-01-01 10:48:48
2156,-1027,-1027,2021-01-01 11:02:26
2157,-1568,-1568,2021-01-01 10:44:24
2158,900,500,2021-01-01 11:16:10
2159,-900,300,2021-01-01 11:04:14
2160,-1934,-1934,2021-01-01 10:32:12
2161,-1761,-1761,2021-01-01 10:37:58
2162,-1182,-1182,2021-01-01 10:57:16
2163,1807,1807,2021-01-01 11:43:34
2164,-1412,-1412,2021-01-01 10:49:36
2165,-1115,-1115,2021-01-01 10:59:30
2166,-1916,-1916,2021-01-01 10:32:48
2167,1669,1669,2021-01-01 11:38:58
2168,800,100,2021-01-01 11:15:42
2169,0,-400,2021-01-01 11:10:12
2170,1658,1658,2021-01-01 11:38:36
2171,-1953,-1953,2021-01-01 10:31:34
2172,-700,-700,2021-01-01 11:05:54
2173,-500,400,2021-01-01 11:06:52
2174,-1239,-1239,2021-01-01 10:55:22
2175,1117,1117,2021-01-01 11:20:34
2176,1435,1435,2021-01-01 11:31:10
2177,-1636,-1636,2021-01-01 10:42:08
2178,1839,1839,2021-01-01 11:44:38
2179,-1216,-1216,2021-01-01 10:56:08
2180,1091,1091,2021-01-01 11:19:42
2181,1374,1374,2021-01-01 11:29:08
2182,0,-700,2021-01-01 11:10:06
2183,1054,1054,2021-01-01 11:18:28
2184,-400,900,2021-01-01 11:07:58
2185,400,200,2021-01-01 11:13:04
2186,-1613,-1613,2021-01-01 10:42:54
2187,-1877,-1877,2021-01-01 10:34:06
2188,1298,1298,2021-01-01 11:26:36
2189,1735,1735,2021-01-01 11:41:10
2190,-600,-800,2021-01-01 11:06:04
2191,-1778,-1778,2021-01-01 10:37:24
2192,-1588,-1588,2021-01-01 10:43:44
2193,1186,1186,2021-01-01 11:22:52
2194,1985,1985,2021-01-01 11:49:30
2195,1508,1508,2021-01-01 11:33:36
2196,-1156,-1156,2021-01-01 10:58:08
2197,1955,1955,2021-01-01 11:48:30
2198,-1333,-1333,2021-01-01 10:52:14
2199,700,-600,2021-01-01 11:15:12
2200,1227,1227,2021-01-01 11:24:14
2201,-1669,-1669,2021-01-01 10:41:02
2202,1124,1124,2021-01-01 11:20:48
2203,300,-300,2021-01-01 11:12:26
2204,-1079,-1079,2021-01-01 11:00:42
2205,1440,1440,2021-01-01 11:31:20
2206,1130,1130,2021-01-01 11:21:00
2207,-1610,-1610,2021-01-01 10:43:00
2208,1247,1247,2021-01-01 11:24:54
2209,-1964,-1964,2021-01-01 10:31:12
2210,-1243,-1243,2021-01-01 10:55:14
2211,-1099,-1099,2021-01-01 11:00:02
2212,-1750,-1750,2021-01-01 10:38:20
2213,-1661,-1661,2021-01-01 10:41:18
2214,-1246,-1246,2021-01-01 10:55:08
2215,900,-300,2021-01-01 11:16:26
2216,-1864,-1864,2021-01-01 10:34:32
2217,-1560,-1560,2021-01-01 10:44:40
2218,-400,-900,2021-01-01 11:07:22
2219,1800,1800,2021-01-01 11:43:20
2220,-1266,-1266,2021-01-01 10:54:28
2221,1088,1088,2021-01-01 11:19:36
2222,1473,1473,2021-01-01 11:32:26
2223,1678,1678,2021-01-01 11:39:16
2224,1575,1575,2021-01-01 11:35:50
2225,-1469,-1469,2021-01-01 10:47:42
2226,-1542,-1542,2021-01-01 10:45:16
2227,800,-600,2021-01-01 11:15:28
2228,1332,1332,2021-01-01 11:27:44
2229,1688,1688,2021-01-01 11:39:36
2230,-1839,-1839,2021-01-01 10:35:22
2231,1577,1577,2021-01-01 11:35:54
2232,1737,1737,2021-01-01 11:41:14
2233,400,-1000,2021-01-01 11:12:40
2234,1443,1443,2021-01-01 11:31:26
2235,-1120,-1120,2021-01-01 10:59:20
2236,-1894,-1894,2021-01-01 10:33:32
2237,-1475,-1475,2021-01-01 10:47:30
2238,-1324,-1324,2021-01-01 10:52:32
2239,1209,1209,2021-01-01 11:23:38
2240,-1782,-1782,2021-01-01 10:37:16
2241,1543,1543,2021-01-01 11:34:46
2242,-1062,-1062,2021-01-01 11:01:16
2243,-1685,-1685,2021-01-01 10:40:30
2244,1174,1174,2021-01-01 11:22:28
2245,-1882,-1882,2021-01-01 10:33:56
2246,1296,1296,2021-01-01 11:26:32
2247,-1245,-1245,2021-01-01 10:55:10
2248,-400,200,2021-01-01 11:07:44
2249,-1287,-1287,2021-01-01 10:53:46
2250,1217,1217,2021-01-01 11:23:54
2251,1406,1406,2021-01-01 11:30:12
2252,1460,1460,2021-01-01 11:32:00
2253,1908,1908,2021-01-01 11:46:56
2254,1550,1550,2021-01-01 11:35:00
2255,1118,1118,2021-01-01 11:20:36
2256,-1684,-1684,2021-01-01 10:40:32
2257,1197,1197,2021-01-01 11:23:14
2258,-1573,-1573,2021-01-01 10:44:14
2259,-1735,-1735,2021-01-01 10:38:50
2260,-500,-700,2021-01-01 11:07:14
2261,1133,1133,2021-01-01 11:21:06
2262,1348,1348,2021-01-01 11:28:16
2263,1777,1777,2021-01-01 11:42:34
2264,1452,1452,2021-01-01 11:31:44
2265,1073,1073,2021-01-01 11:19:06
2266,1181,1181,2021-01-01 11:22:42
2267,-1692,-1692,2021-01-01 10:40:16
2268,-1310,-1310,2021-01-01 10:53:00
2269,-1935,-1935,2021-01-01 10:32:10
2270,-1396,-1396,2021-01-01 10:50:08
2271,1780,1780,2021-01-01 11:42:40
2272,-1290,-1290,2021-01-01 10:53:40
2273,-1655,-1655,2021-01-01 10:41:30
2274,1808,1808,2021-01-01 11:43:36
2275,1125,1125,2021-01-01 11:20:50
2276,-1141,-1141,2021-01-01 10:58:38
2277,-400,-200,2021-01-01 11:07:36
2278,1551,1551,2021-01-01 11:35:02
2279,-1023,-1023,2021-01-01 11:02:34
2280,1973,1973,2021-01-01 11:49:06
2281,-1763,-1763,2021-01-01 10:37:54
2282,1582,1582,2021-01-01 11:36:04
2283,1379,1379,2021-01-01 11:29:18
2284,-1373,-1373,2021-01-01 10:50:54
2285,1286,1286,2021-01-01 11:26:12
2286,1833,1833,2021-01-01 11:44:26
2287,1151,1151,2021-01-01 11:21:42
2288,-1380,-1380,2021-01-01 10:50:40
2289,1868,1868,2021-01-01 11:45:36
2290,-600,100,2021-01-01 11:06:22
2291,1254,1254,2021-01-01 11:25:08
2292,200,-400,2021-01-01 11:11:32
2293,-700,-400,2021-01-01 11:05:48
2294,1486,1486,2021-01-01 11:32:52
2295,1074,1074,2021-01-01 11:19:08
2296,1466,1466,2021-01-01 11:32:12
2297,-1689,-1689,2021-01-01 10:40:22
2298,200,0,2021-01-01 11:11:40
2299,-1132,-1132,2021-01-01 10:58:56
2300,1674,1674,2021-01-01 11:39:08
2301,1104,1104,2021-01-01 11:20:08
2302,1778,1778,2021-01-01 11:42:36
2303,-1737,-1737,2021-01-01 10:38:46
2304,1322,1322,2021-01-01 11:27:24
2305,-400,700,2021-01-01 11:07:54
2306,1967,1967,2021-01-01 11:48:54
2307,1207,1207,2021-01-01 11:23:34
2308,-1006,-1006,2021-01-01 11:03:08
2309,1333,1333,2021-01-01 11:27:46
2310,1378,1378,2021-01-01 11:29:16
2311,1564,1564,2021-01-01 11:35:28
2312,1625,1625,2021-01-01 11:37:30
2313,1094,1094,2021-01-01 11:19:48
2314,1068,1068,2021-01-01 11:18:56
2315,-1335,-1335,2021-01-01 10:52:10
2316,-1633,-1633,2021-01-01 10:42:14
2317,-1566,-1566,2021-01-01 10:44:28
2318,1858,1858,2021-01-01 11:45:16
2319,1982,1982,2021-01-01 11:49:24
2320,-1464,-1464,2021-01-01 10:47:52
2321,1318,1318,2021-01-01 11:27:16
2322,-400,400,2021-01-01 11:07:48
2323,-1052,-1052,2021-01-01 11:01:36
2324,-1065,-1065,2021-01-01 11:01:10
2325,500,-500,2021-01-01 11:13:50
2326,1292,1292,2021-01-01 11:26:24
2327,1288,1288,2021-01-01 11:26:16
2328,-1308,-1308,2021-01-01 10:53:04
2329,-1016,-1016,2021-01-01 11:02:48
2330,1383,1383,2021-01-01 11:29:26
2331,1574,1574,2021-01-01 11:35:48
2332,1536,1536,2021-01-01 11:34:32
2333,-1733,-1733,2021-01-01 10:38:54
2334,1696,1696,2021-01-01 11:39:52
2335,-1353,-1353,2021-01-01 10:51:34
2336,-1585,-1585,2021-01-01 10:43:50
2337,1461,1461,2021-01-01 11:32:02
2338,900,600,2021-01-01 11:16:08
2339,-1558,-1558,2021-01-01 10:44:44
2340,-1089,-1089,2021-01-01 11:00:22
2341,1983,1983,2021-01-01 11:49:26
2342,1781,1781,2021-01-01 11:42:42
2343,-1591,-1591,2021-01-01 10:43:38
2344,1776,1776,2021-01-01 11:42:32
2345,800,-100,2021-01-01 11:15:38
2346,-1092,-1092,2021-01-01 11:00:16
2347,1797,1797,2021-01-01 11:43:14
2348,-1371,-1371,2021-01-01 10:50:58
2349,700,200,2021-01-01 11:14:56
2350,-1038,-1038,2021-01-01 11:02:04
2351,-1421,-1421,2021-01-01 10:49:18
2352,300,500,2021-01-01 11:12:10
2353,-1477,-1477,2021-01-01 10:47:26
2354,1144,1144,2021-01-01 11:21:28
2355,1680,1680,2021-01-01 11:39:20
2356,-1150,-1150,2021-01-01 10:58:20
2357,1180,1180,2021-01-01 11:22:40
2358,-1093,-1093,2021-01-01 11:00:14
2359,-1163,-1163,2021-01-01 10:57:54
2360,1604,1604,2021-01-01 11:36:48
2361,1158,1158,2021-01-01 11:21:56
2362,-1945,-1945,2021-01-01 10:31:50
2363,1764,1764,2021-01-01 11:42:08
2364,1438,1438,2021-01-01 11:31:16
2365,700,-100,2021-01-01 11:15:02
2366,-1819,-1819,2021-01-01 10:36:02
2367,-600,-200,2021-01-01 11:06:16
2368,1632,1632,2021-01-01 11:37:44
2369,-1909,-1909,2021-01-01 10:33:02
2370,-1039,-1039,2021-01-01 11:02:02
2371,-1707,-1707,2021-01-01 10:39:46
2372,-1697,-1697,2021-01-01 10:40:06
2373,-1361,-1361,2021-01-01 10:51:18
2374,700,600,2021-01-01 11:14:48
2375,-1802,-1802,2021-01-01 10:36:36
2376,-1957,-1957,2021-01-01 10:31:26
2377,1496,1496,2021-01-01 11:33:12
2378,-1248,-1248,2021-01-01 10:55:04
2379,1505,1505,2021-01-01 11:33:30
2380,1738,1738,2021-01-01 11:41:16
2381,1014,1014,2021-01-01 11:17:08
2382,-1979,-1979,2021-01-01 10:30:42
2383,1553,1553,2021-01-01 11:35:06
2384,900,800,2021-01-01 11:16:04
2385,-1304,-1304,2021-01-01 10:53:12
2386,1087,1087,2021-01-01 11:19:34
2387,1798,1798,2021-01-01 11:43:16
2388,-1430,-1430,2021-01-01 10:49:00
2389,-1000,100,2021-01-01 11:03:42
2390,1492,1492,2021-01-01 11:33:04
2391,1683,1683,2021-01-01 11:39:26
2392,-1399,-1399,2021-01-01 10:50:02
2393,1705,1705,2021-01-01 11:40:10
2394,-1771,-1771,2021-01-01 10:37:38
2395,-1810,-1810,2021-01-01 10:36:20
2396,-1000,500,2021-01-01 11:03:50
2397,1436,1436,2021-01-01 11:31:12
2398,-200,800,2021-01-01 11:09:16
2399,600,-300,2021-01-01 11:14:14
